,backbone,mono_subs,di_subs
0,*c1c(C2=C([H])C([H])([H])C([H])([H])C([H])([H])C2([H])[H])c(*)c2c([H])c([H])c([H])c([H])c2c1O[Si](C([H])([H])[H])(C([H])([H])[H])C(C([H])([H])[H])(C([H])([H])[H])C([H])([H])[H],[16*]C(=O)c1c([H])c(Cl)c(Cl)c(Cl)c1Cl,[2*]C(=O)c1c([H])c([H])c([H])c([H])c1C([2*])=O
1,[H]C1([H])**C([H])([H])C([H])([H])*1,[10*][H],[11*]c1c([H])c([H])c([H])c([H])c1c1c([H])c([H])c([H])c([H])c1[11*]
2,*c1c([H])c([H])c2c3c(c([H])c([H])c(*)c13)C([H])([H])C2([H])[H],[19*]S(=O)C(C([H])([H])[H])(C([H])([H])[H])C([H])([H])[H],[30*]OC(C([H])([H])[H])(C([H])([H])[H])C(O[30*])(C([H])([H])[H])C([H])([H])[H]
3,[H]c1c([H])c([H])c(C(=O)C2([H])*OC([H])(C([H])([H])c3c([H])c([H])c([H])c([H])c3[H])C2([H])*2*c3c([H])c([H])c([H])c([H])c3C([H])(c3c([H])c([H])c([H])c([H])c3[H])*2)c([H])c1[H],[28*][H],[9*]OC([H])([H])C(C([H])([H])[H])(C([H])([H])[H])C([H])([H])O[9*]
4,*c1c([H])c(*)c(C([H])([H])[H])c([H])c1[H],[21*]c1c(-c2c(C([H])(C([H])([H])[H])C([H])([H])[H])c([H])c(C([H])(C([H])([H])[H])C([H])([H])[H])c([H])c2C([H])(C([H])([H])[H])C([H])([H])[H])c([H])c([H])c([H])c1-c1c(C([H])(C([H])([H])[H])C([H])([H])[H])c([H])c(C([H])(C([H])([H])[H])C([H])([H])[H])c([H])c1C([H])(C([H])([H])[H])C([H])([H])[H],[10*]OC([H])([H])C(C([H])([H])[H])(C([H])([H])[H])C([H])([H])O[10*]
5,[H]c1c(-c2c([2H])c([2H])c([2H])c3c2oc2c([2H])c([2H])c([2H])c([2H])c23)c([H])c2c3c1-n1c4c([H])c([H])c(C(C([H])([H])[H])(C([H])([H])[H])C([H])([H])[H])c([H])c4c4c([H])c(C(C([H])([H])[H])(C([H])([H])[H])C([H])([H])[H])c([H])c(c41)B3c1c([H])c(C(C([H])([H])[H])(C([H])([H])[H])C([H])([H])[H])c([H])c3c4c([H])c(C(C([H])([H])[H])(C([H])([H])[H])C([H])([H])[H])c([H])c([H])c4n-2c13,[8*]C([H])([H])C([H])([H])C([H])([H])C([H])([H])C([H])([H])C([H])([H])C([H])([H])C([H])([H])[H],[10*]C([H])([H])C([H])([H])C([H])([H])C([H])([H])C([10*])([H])[H]
6,[H]C1=C([H])*c2c([H])c([H])c([H])c([H])c2*1,[13*]Br,[50*]c1c([H])c([H])c(C(C([H])([H])[H])(C([H])([H])[H])C([H])([H])[H])c([H])c1c1c([H])c(C(C([H])([H])[H])(C([H])([H])[H])C([H])([H])[H])c([H])c([H])c1[50*]
7,*c1c([H])*c2c([H])c(C([H])([H])[H])c([H])c([H])c12,[13*]c1c([H])c([H])c([H])c([H])c1[H],[12*]C1([H])C([H])([H])C([H])([H])C([H])([H])C([12*])([H])C([H])([H])C([H])([H])C1([H])[H]
8,*-c1c([H])c([H])c([H])c([H])c1-c1c([H])c2c3c(c1[H])-*1c4c([H])c([H])c(C(C([H])([H])[H])(C([H])([H])[H])C([H])([H])[H])c([H])c4c4c([H])c(C(C([H])([H])[H])(C([H])([H])[H])C([H])([H])[H])c([H])c(c14)*3c1c([H])c(C(C([H])([H])[H])(C([H])([H])[H])C([H])([H])[H])c([H])c3c1*-2c1c([H])c([H])c(C(C([H])([H])[H])(C([H])([H])[H])C([H])([H])[H])c([H])c13,[8*]c1c(C([H])([H])[H])c([H])c([H])c([H])c1C([H])([H])[H],[49*]c1c([H])c([H])c([H])c([H])c1[Si](c1c([49*])c([H])c([H])c([H])c1[H])(c1c([H])c([H])c([H])c([H])c1[H])c1c([H])c([H])c([H])c([H])c1[H]
9,[H]c1c([H])c([H])c2c(c1[H])[Se]c1c([H])c([H])c([H])c3c1B2c1c([H])c([H])c([H])c2c4c([H])c([H])c([H])c([H])c4n-3c12,[5*]C([H])([H])C(C([H])([H])[H])(C([H])([H])[H])C([H])([H])[H],[13*]c1c([H])c([H])c([H])c([H])c1c1c([H])c([H])c([H])c([H])c1[13*]
10,[H]c1c([H])c2c3c(c1[H])-n1c4c(c([H])c([H])c([H])c4c4sc5c([H])c([H])c([H])c([H])c5c41)B3c1c([H])c(C(C([H])([H])[H])(C([H])([H])[H])C([H])([H])[H])c([H])c3c4c([H])c(C(C([H])([H])[H])(C([H])([H])[H])C([H])([H])[H])c([H])c([H])c4n-2c13,[20*]c1c([H])c([H])c([H])c([H])c1[H],[6*]c1c([H])c([H])c([H])c([H])c1C(c1c([6*])c([H])c([H])c([H])c1[H])(C([H])([H])[H])C([H])([H])[H]
11,[H]c1c([H])c([H])c2c(c1[H])*O*C2([H])C([H])([H])[H],[16*]c1c(C([H])([H])[H])c([H])c([H])c([H])c1C([H])([H])[H],[10*]C(=O)c1c([H])c([H])c([H])c([H])c1C([10*])=O
12,*c1c([H])c([H])c([H])c2c([H])c([H])c([H])c(*)c12,[12*]c1c(C([H])(C([H])([H])[H])C([H])([H])[H])c([H])c([H])c([H])c1C([H])(C([H])([H])[H])C([H])([H])[H],[31*]c1c([H])c([H])c([H])c([H])c1C(c1c([31*])c([H])c([H])c([H])c1[H])(C([H])([H])[H])C([H])([H])[H]
13,[H]c1*c(*2**C([H])(c3c([H])c([H])c([H])c([H])c3[H])C2([H])c2c([H])c([H])c([H])c([H])c2[H])c([H])c([H])c1-c1c([H])c([H])c([H])c([H])c1[H],[11*]c1c([H])c([H])c([H])c([H])c1[H],[30*]c1c([H])c([H])c([H])c([H])c1c1c([H])c([H])c([H])c([H])c1[30*]
14,*C1([H])C([H])([H])*C([H])([H])C([H])([H])C1([H])C([H])([H])OC([H])([H])[H],[18*]c1c(C([H])(C([H])([H])[H])C([H])([H])[H])c([H])c([H])c([H])c1C([H])(C([H])([H])[H])C([H])([H])[H],[10*]C([H])([H])C([H])([H])OC([H])([H])C([10*])([H])[H]
15,*c1*c([H])c(C(C([H])([H])[H])(C([H])([H])[H])C([H])([H])[H])*1,[3*]C([H])(C([H])([H])[H])C([H])([H])[H],[16*]C(C([H])([H])[H])(C([H])([H])[H])C([H])([H])C([H])([H])C([H])([H])C([16*])(C([H])([H])[H])C([H])([H])[H]
16,*c1c(OC([H])([H])[H])*c([H])c([H])c1[H],[11*]c1c([H])c([H])c(C(F)(F)F)c([H])c1[H],[20*]C([H])([H])C([H])([H])OC([H])([H])C([20*])([H])[H]
17,*C1([H])C([H])([H])*C([H])(C([H])([H])[H])C1([H])[H],[9*]C(=O)C(F)(F)F,[36*]c1c([H])c([H])c([H])c([H])c1Sc1c([36*])c([H])c([H])c([H])c1[H]
18,[H]c1c([H])c2c3c(c1[H])-n1c4c([H])c([H])c(C(C([H])([H])[H])(C([H])([H])[H])C([H])([H])[H])c([H])c4c4c([H])c(C(C([H])([H])[H])(C([H])([H])[H])C([H])([H])[H])c([H])c(c41)B3c1c([H])c([H])c([H])c3c1N2c1c([H])c(C(C([H])([H])[H])(C([H])([H])[H])C([H])([H])[H])c([H])c2c4c([H])c(C(C([H])([H])[H])(C([H])([H])[H])C([H])([H])[H])c([H])c([H])c4n-3c12,[38*]c1c(C([H])([H])[H])c([H])c([H])c([H])c1C([H])([H])[H],[28*]C(=O)c1c([H])c([H])c([H])c2c([H])c([H])c([H])c(C([28*])=O)c12
19,*C([H])([H])c1c([H])c([H])c([H])c2c1*OC2([H])[H],[22*]C([H])([H])c1c([H])c([H])c([H])c([H])c1[H],[16*]C([H])([H])C([H])([H])C([H])([H])C([16*])([H])[H]
20,*C12*c3c([H])c([H])c([H])c([H])c3C1(C([H])([H])[H])C([H])(c1c([H])c([H])c(Cl)c([H])c1[H])*C([H])(c1c([H])c([H])c([H])c([H])c1[H])C2([H])[H],[18*]=O,[15*]OC1([H])C([H])([H])C2([H])C([H])([H])C([H])(C1(O[15*])C([H])([H])[H])C2(C([H])([H])[H])C([H])([H])[H]
21,[H]c1c([H])c2c3c(c1[H])-n1c4c(c([H])c(C(C([H])([H])[H])(C([H])([H])[H])C([H])([H])[H])c([H])c4c4c([H])c(C(C([H])([H])[H])(C([H])([H])[H])C([H])([H])[H])c([H])c(-c5c([H])c([H])c(C#N)c([H])c5[H])c41)B3c1c([H])c(C(C([H])([H])[H])(C([H])([H])[H])C([H])([H])[H])c([H])c3c4c([H])c(C(C([H])([H])[H])(C([H])([H])[H])C([H])([H])[H])c([H])c([H])c4n-2c13,[6*]O[H],[49*]c1c([H])c([H])c([H])c([H])c1-c1c([H])c([H])c([H])c([H])c1-c1c([49*])c([H])c([H])c([H])c1[H]
22,[H]c1c2c3c(c([H])c1C([H])([H])[H])*c1c(c([H])c4sc5c([H])c([H])c([H])c([H])c5c4c1[H])*3c1c(c([H])c3c(sc4c([H])c([H])c([H])c([H])c43)c1[H])*2,[14*]c1c(C([H])(C([H])([H])[H])C([H])([H])[H])c([H])c(C([H])(C([H])([H])[H])C([H])([H])[H])c([H])c1C([H])(C([H])([H])[H])C([H])([H])[H],[22*]C([H])([H])C([H])([H])C([H])([H])C([H])([H])C([22*])([H])[H]
23,[H]c1c([H])c([H])c(C2([H])**c3c([H])c([H])c([H])c([H])c32)c([H])c1[H],[7*]c1c(F)c(F)c(F)c(F)c1F,[31*]C(C([H])([H])[H])(C([H])([H])[H])C([H])([H])C([H])([H])C([H])([H])C([31*])(C([H])([H])[H])C([H])([H])[H]
24,*C1([H])C([H])([H])*C([H])([H])C1([H])OC(=O)C(C([H])([H])[H])(C([H])([H])[H])C([H])([H])[H],[6*]C(C([H])([H])[H])(C([H])([H])[H])C([H])([H])[H],[23*]c1c([H])c([H])c([H])c([H])c1C(c1c([23*])c([H])c([H])c([H])c1[H])(C([H])([H])[H])C([H])([H])[H]
25,[H]c1c(C(C([H])([H])[H])(C([H])([H])[H])C([H])([H])[H])c([H])c2c(*3c4c(c([H])c(C(C([H])([H])[H])(C([H])([H])[H])C([H])([H])[H])c([H])c42)*c2c([H])c(C(C([H])([H])[H])(C([H])([H])[H])C([H])([H])[H])c([H])c4c2*3c2c([H])c([H])c(C(C([H])([H])[H])(C([H])([H])[H])C([H])([H])[H])c([H])c24)c1[H],[26*]C(=O)C(C([H])([H])[H])(C([H])([H])[H])C([H])([H])[H],[7*]OC1([H])C([H])([H])C2([H])C([H])([H])C([H])(C1(O[7*])C([H])([H])[H])C2(C([H])([H])[H])C([H])([H])[H]
26,*=C1*c2c([H])c([H])c([H])c([H])c2C1=*,[8*]c1c(C([H])([H])[H])c(C([H])([H])[H])c([H])c(C([H])([H])[H])c1C([H])([H])[H],[7*]c1c([H])c([H])c([H])c([H])c1Oc1c([7*])c([H])c([H])c([H])c1[H]
27,[H]c1c(Br)c2c3c(c1Br)-n1c4c([H])c([H])c(C(C([H])([H])[H])(C([H])([H])[H])C([H])([H])[H])c([H])c4c4c([H])c(C(C([H])([H])[H])(C([H])([H])[H])C([H])([H])[H])c([H])c(c41)B3c1c([H])c(C(C([H])([H])[H])(C([H])([H])[H])C([H])([H])[H])c([H])c3c4c([H])c(C(C([H])([H])[H])(C([H])([H])[H])C([H])([H])[H])c([H])c([H])c4n-2c13,[14*][Si](C([H])([H])[H])(C([H])([H])[H])C([H])([H])[H],[10*]C([H])([H])C([H])([H])SC([H])([H])C([10*])([H])[H]
28,*=C1**C(c2c([H])c([H])c([H])c([H])c2[H])=C(c2c([H])c([H])c([H])c([H])c2[H])C(c2c([H])c([H])c([H])c([H])c2[H])=C1c1c([H])c([H])c([H])c([H])c1[H],[10*]C(=C([H])[H])[Si](C([H])([H])[H])(C([H])([H])[H])C([H])([H])[H],[21*]C(=O)OC([H])([H])C([21*])([H])[H]
29,*C1([H])c2c([H])c([H])c([H])c([H])c2*2C(=O)c3c([H])c([H])c([H])c([H])c3C21C([H])([H])[H],[14*]C([H])(C([H])([H])[H])C([H])([H])[H],[34*]C([H])([H])C([H])([H])OC([H])([H])C([34*])([H])[H]
30,*C1([H])C([H])([H])*C([H])([H])C([H])([H])C([H])([H])C1([H])[H],[30*]c1c([H])c([H])c(C(C([H])([H])[H])(C([H])([H])[H])C([H])([H])[H])c([H])c1[H],[10*]C(=O)OC([H])([H])C([10*])([H])[H]
31,*C(=S)c1c(*)c([H])c2c([H])c([H])c([H])c([H])c2c1[H],[7*][H],[43*]c1c([H])c([H])c(C(C([H])([H])[H])(C([H])([H])[H])C([H])([H])[H])c([H])c1c1c([H])c(C(C([H])([H])[H])(C([H])([H])[H])C([H])([H])[H])c([H])c([H])c1[43*]
32,*C([H])=C(*)C([H])([H])C([H])([H])c1c([H])c([H])c([H])c([H])c1[H],[24*]C([H])([H])[H],[27*]OC(C([H])([H])[H])(C([H])([H])[H])C(O[27*])(C([H])([H])[H])C([H])([H])[H]
33,[H]c1c([H])c([H])c(C2=**C3([H])*(*2)C2([H])C([H])([H])C([H])([H])C([H])([H])C3([H])C([H])([H])C([H])([H])C2([H])[H])c([H])c1[H],[15*]C(=O)c1c([H])c([H])c([H])c([H])c1[H],[23*]c1c([H])c([H])c([H])c([H])c1Oc1c([23*])c([H])c([H])c([H])c1[H]
34,[H]c1c([H])c([H])c2c(c1[H])Sc1c([H])c([H])c([H])c([H])c1C21c2c([H])c([H])c([H])c([H])c2-c2c([H])c([H])c([H])c(-c3c([H])c4c5c(c3[H])-n3c6c([H])c([H])c(C(C([H])([H])[H])(C([H])([H])[H])C([H])([H])[H])c([H])c6c6c([H])c(C(C([H])([H])[H])(C([H])([H])[H])C([H])([H])[H])c([H])c(c63)B5c3c([H])c(C(C([H])([H])[H])(C([H])([H])[H])C([H])([H])[H])c([H])c5c6c([H])c(C(C([H])([H])[H])(C([H])([H])[H])C([H])([H])[H])c([H])c([H])c6n-4c35)c21,[47*]c1c([H])c([H])c(C(C([H])([H])[H])(C([H])([H])[H])C([H])([H])[H])c([H])c1[H],[21*]OC(C([H])([H])[H])(C([H])([H])[H])C(O[21*])(C([H])([H])[H])C([H])([H])[H]
35,[H]C1=C([H])*C([H])=C([H])*1,[22*][O-],[26*]c1c([H])c([H])c(C(C([H])([H])[H])(C([H])([H])[H])C([H])([H])[H])c([H])c1c1c([H])c(C(C([H])([H])[H])(C([H])([H])[H])C([H])([H])[H])c([H])c([H])c1[26*]
36,**C1([H])*C(C([H])([H])[H])(C([H])([H])[H])C([H])([H])C12C([H])([H])C([H])([H])C([H])([H])C([H])([H])C2([H])[H],[16*]O[H],[24*]C(C([H])([H])[H])(C([H])([H])[H])C([H])([H])C([H])([H])C([H])([H])C([24*])(C([H])([H])[H])C([H])([H])[H]
37,*c1c(F)c([H])c([H])c([H])c1C(*)([H])[H],[6*]C([H])([H])c1c([H])c([H])c([H])c([H])c1Br,[31*]OC(C([H])([H])[H])(C([H])([H])[H])C(O[31*])(C([H])([H])[H])C([H])([H])[H]
38,[H]c1c([H])c([H])c2c(c1[H])-c1c(c([H])c3c4c1c1c([H])c([H])c([H])c([H])c1n4-c1c([H])c([H])c([H])c4c1B3c1c([H])c(C(C([H])([H])[H])(C([H])([H])[H])C([H])([H])[H])c([H])c3c5c([H])c(C(C([H])([H])[H])(C([H])([H])[H])C([H])([H])[H])c([H])c([H])c5n-4c13)C2(C([H])([H])[H])C([H])([H])[H],[14*]c1c([H])c([H])c(F)c([H])c1[H],[23*]C(C([H])([H])[H])(C([H])([H])[H])C([H])([H])C([H])([H])C([H])([H])C([23*])(C([H])([H])[H])C([H])([H])[H]
39,**1C(=*)c2c([H])c([H])c([H])c3c([H])c([H])c([H])c1c23,[36*]c1c([H])c([H])c([H])c([H])c1[H],[5*]OC([H])(C(OC([H])([H])[H])(c1c([H])c([H])c([H])c([H])c1[H])c1c([H])c([H])c([H])c([H])c1[H])C([H])(O[5*])C(OC([H])([H])[H])(c1c([H])c([H])c([H])c([H])c1[H])c1c([H])c([H])c([H])c([H])c1[H]
40,[H]c1c([H])c2c3c(c1[H])-n1c4c([H])c([H])c([H])c([H])c4c4c([H])c([H])c([H])c(c41)B3c1c([H])c(C(C([H])([H])[H])(C([H])([H])[H])C([H])([H])[H])c([H])c([H])c1O2,[8*]c1c(C([H])(C([H])([H])[H])C([H])([H])[H])c([H])c([H])c([H])c1C([H])(C([H])([H])[H])C([H])([H])[H],[19*]c1c([H])c([H])c([H])c([H])c1Sc1c([19*])c([H])c([H])c([H])c1[H]
41,*C(=O)c1c(*)c(C(*)=O)c([H])c([H])c1[H],[3*]C([H])([H])C([H])([H])C([H])([H])[H],[15*]C1([H])C([H])([H])C([H])([H])C([H])([H])C([15*])([H])C([H])([H])C([H])([H])C1([H])[H]
42,[H]C12*C(=O)O*1C1([H])C([H])([H])C([H])([H])C([H])([H])C2([H])C([H])([H])C([H])([H])C1([H])[H],[20*]P(=O)(c1c([H])c([H])c([H])c([H])c1[H])c1c([H])c([H])c([H])c([H])c1[H],[16*]c([H])c(C([H])=O)c1c([H])c([H])c([H])c([H])c1[16*]
43,*C([H])(c1c([H])c([H])c([H])c([H])c1-c1c([H])c([H])c([H])c([H])c1[H])C1(*)C([H])([H])C1([H])[H],[14*]C([H])([H])c1c([H])c([H])c([H])c([H])c1[H],[17*]c1c([H])c([H])c([H])c([H])c1C(c1c([17*])c([H])c([H])c([H])c1[H])(C([H])([H])[H])C([H])([H])[H]
44,[H]c1c([H])c2c3c(c1[H])Oc1c([H])c([H])c([H])c4c1*3c1c(c([H])c([H])c([H])c1O4)*2,[5*]C(=O)OC(C([H])([H])[H])(C([H])([H])[H])C([H])([H])[H],[45*]OC(C([H])([H])[H])(C([H])([H])[H])C(O[45*])(C([H])([H])[H])C([H])([H])[H]
45,**C(=*)[H],[5*]C(C([H])([H])[H])(C([H])([H])[H])C([H])([H])[H],[2*]OC1(C([H])([H])[H])c2c([H])c([H])c([H])c3c([H])c([H])c([H])c(c23)C1(O[2*])C([H])([H])[H]
46,*-c1c([H])c(-*)c2c3c1Oc1c([H])c([H])c(C(C([H])([H])[H])(C([H])([H])[H])C([H])([H])[H])c([H])c1*3c1c([H])c(C(C([H])([H])[H])(C([H])([H])[H])C([H])([H])[H])c([H])c([H])c1O2,[8*]c1c(F)c(F)c(F)c(F)c1F,[17*]c1c([H])c([H])c([H])c([H])c1Oc1c([17*])c([H])c([H])c([H])c1[H]
47,*C1([H])*c2c([H])c(Br)c([H])c([H])c2C1([H])C(=O)OC([H])(C([H])([H])[H])C([H])([H])[H],[5*]C(=O)C([H])([H])c1c([H])c([H])c([H])c([H])c1[H],[55*]c1c([H])c([H])c([H])c([H])c1c1c([H])c([H])c([H])c([H])c1[55*]
48,*C1([H])C(*)([H])C1([H])[H],[8*]P(C(C([H])([H])[H])(C([H])([H])[H])C([H])([H])[H])C(C([H])([H])[H])(C([H])([H])[H])C([H])([H])[H],[32*]c1c([H])c([H])c([H])c([H])c1C(c1c([32*])c([H])c([H])c([H])c1[H])(c1c([H])c([H])c([H])c([H])c1[H])c1c([H])c([H])c([H])c([H])c1[H]
49,[H]c1c([H])c([H])c([Si](c2c([H])c([H])c([H])c([H])c2[H])(c2c([H])c([H])c([H])c([H])c2[H])c2c([H])c([H])c(-c3c([H])c([H])c4c5c3-n3c6c([H])c([H])c(C(C([H])([H])[H])(C([H])([H])[H])C([H])([H])[H])c([H])c6c6c([H])c(C(C([H])([H])[H])(C([H])([H])[H])C([H])([H])[H])c([H])c(c63)B5c3c([H])c(C(C([H])([H])[H])(C([H])([H])[H])C([H])([H])[H])c([H])c5c6c([H])c(C(C([H])([H])[H])(C([H])([H])[H])C([H])([H])[H])c([H])c([H])c6n-4c35)c([H])c2[H])c([H])c1[H],[20*]C#CC(C([H])([H])[H])(C([H])([H])[H])C([H])([H])[H],[13*]c1c([H])c([H])c(C(C([H])([H])[H])(C([H])([H])[H])C([H])([H])[H])c([H])c1c1c([H])c(C(C([H])([H])[H])(C([H])([H])[H])C([H])([H])[H])c([H])c([H])c1[13*]
50,[H]C1([H])*C(C([H])([H])C([H])([H])[H])=C(C([H])([H])C([H])([H])[H])*1,[4*]O[H],[63*]c1c([H])c([H])c(C(C([H])([H])[H])(C([H])([H])[H])C([H])([H])[H])c([H])c1c1c([H])c(C(C([H])([H])[H])(C([H])([H])[H])C([H])([H])[H])c([H])c([H])c1[63*]
51,*C([H])(c1c([H])c([H])c([H])c([H])c1[H])C(*)([H])C([H])([H])C([H])([H])c1c([H])c([H])c([H])c([H])c1[H],[4*]C(=O)Oc1c([H])c([H])c([H])c([H])c1[H],[34*]c1c([H])c([H])c([H])c2c([H])c([H])c3c([H])c([H])c4c([H])c([H])c([H])c([34*])c4c3c12
52,[H]c1c([H])c(F)c([H])c(-c2c([H])c3c4c(c2[H])-n2c5c([H])c([H])c(C(C([H])([H])[H])(C([H])([H])[H])C([H])([H])[H])c([H])c5c5c([H])c(C(C([H])([H])[H])(C([H])([H])[H])C([H])([H])[H])c([H])c(c52)B4c2c([H])c(C(C([H])([H])[H])(C([H])([H])[H])C([H])([H])[H])c([H])c4c5c([H])c(C(C([H])([H])[H])(C([H])([H])[H])C([H])([H])[H])c([H])c([H])c5n-3c24)c1[H],[15*][Si](C([H])([H])[H])(C([H])([H])[H])C([H])([H])[H],[11*]OC1([H])C([H])([H])C2([H])C([H])([H])C([H])(C1(O[11*])C([H])([H])[H])C2(C([H])([H])[H])C([H])([H])[H]
53,*c1c(*)c([H])c(O[H])c([H])c1[H],[2*]O[H],[43*]c1c([H])c([H])c([H])c([H])c1c1c([H])c([H])c([H])c([H])c1[43*]
54,*c1c([H])c(-*)c([H])c([H])c1[H],[11*][Si](C([H])([H])[H])(C([H])([H])[H])C([H])([H])[H],[39*]c1c([H])c([H])c([H])c([H])c1C(c1c([39*])c([H])c([H])c([H])c1[H])(c1c([H])c([H])c([H])c([H])c1[H])c1c([H])c([H])c([H])c([H])c1[H]
55,*c1c(OC([H])([H])[H])*c(C([H])([H])[H])c(Br)c1[H],[29*]c1c(C([H])([H])[H])c([H])c(C([H])([H])[H])c([H])c1C([H])([H])[H],[19*]C(=O)c1c([H])c([H])c([H])c([H])c1C([19*])=O
56,*-c1c(-*)c2c3c(c1-*)Oc1c([H])c([H])c([H])c([H])c1*3c1c([H])c([H])c([H])c([H])c1O2,[14*]c1c(C([H])([H])[H])c([H])c([H])c([H])c1C([H])([H])[H],[4*]C([H])([H])C([H])([H])OC([H])([H])C([4*])([H])[H]
57,*c1c([H])c(-*)c(P(C([H])(C([H])([H])[H])C([H])([H])[H])C([H])(C([H])([H])[H])C([H])([H])[H])c([H])c1[H],[13*]c1c(C([H])([H])[H])c([H])c(C([H])([H])[H])c([H])c1C([H])([H])[H],[35*]c1c([H])c([H])c([H])c([H])c1c1c([H])c([H])c([H])c([H])c1[35*]
58,[H]c1c([H])c([H])c2c(c1[H])*c1c([H])c(C([H])([H])[H])c([H])c3c1*2c1c([H])c([H])c([H])c([H])c1*3,[4*]c1c(C([H])([H])[H])c([H])c([H])c([H])c1C([H])([H])[H],[17*]C(=O)OC([H])([H])C([17*])([H])[H]
59,*c1*c([H])c([H])c1[H],[13*]c1c([H])c([H])c([H])c([H])c1F,[12*]C(=O)C([H])([H])C([H])([H])C([12*])=O
60,*C(*)(C([H])([H])[H])C(C([H])([H])[H])(C([H])([H])[H])C([H])([H])[H],[35*]C(C([H])([H])[H])(C([H])([H])[H])C([H])([H])[H],[9*]C([H])([H])C([H])([H])C([H])([H])C([H])([H])C([9*])([H])[H]
61,*C1([H])*C2(C([H])([H])[H])C([H])([H])C([H])([H])C1(C([H])([H])[H])C([H])(C([H])([H])[H])C2([H])[H],[26*]c1c([H])c([H])c([H])c([H])c1[H],[11*]C(=O)OC([H])([H])C([11*])([H])[H]
62,*C([H])(C([H])(*S(*)(=O)=O)c1c([H])c([H])c([H])c([H])c1[H])C([H])([H])C([H])([H])c1c([H])c([H])c([H])c([H])c1[H],[30*]c1c([H])c([H])c([H])c([H])c1[H],[6*]c1c([H])c([H])c([H])c([H])c1Sc1c([6*])c([H])c([H])c([H])c1[H]
63,[H]c1c([H])c([H])c(C2([H])*C([H])(C(=O)OC([H])([H])[H])C([H])(*3*c4c([H])c([H])c([H])c5c([H])c([H])c([H])c(c45)*3)C2([H])C(=O)OC([H])([H])[H])c([H])c1[H],[5*]c1c(C([H])([H])[H])c([H])c(C([H])([H])[H])c([H])c1C([H])([H])[H],[18*]c1c([H])c([H])c([H])c([H])c1c1c([H])c([H])c([H])c([H])c1[18*]
64,*-c1c([H])c([H])c2c(c1[H])*c1c([H])c(-*)c([H])c([H])c1-2,[11*]c1c([H])c([H])c([H])c([H])c1C(F)(F)F,[22*]OC(C([H])([H])[H])(C([H])([H])[H])C(O[22*])(C([H])([H])[H])C([H])([H])[H]
65,*c1c([H])c(*)c([H])c(*)c1[H],[8*]c1c(C(C([H])([H])[H])(C([H])([H])[H])C([H])([H])[H])c([H])c(C(C([H])([H])[H])(C([H])([H])[H])C([H])([H])[H])c([H])c1C(C([H])([H])[H])(C([H])([H])[H])C([H])([H])[H],[6*]Oc1c([H])c([H])c([H])c([H])c1O[6*]
66,*C([H])(C([H])([H])[H])C1(c2c([H])c([H])c([H])c([H])c2[H])*S(=O)(=O)Oc2c([H])c([H])c([H])c([H])c21,[9*][H],[11*]OC([H])(c1c([H])c([H])c([H])c([H])c1[H])C([H])(O[11*])c1c([H])c([H])c([H])c([H])c1[H]
67,*-c1c([H])c([H])c(-c2c([H])c3c4c(c2[H])-*2c5c([H])c([H])c(C(C([H])([H])[H])(C([H])([H])[H])C([H])([H])[H])c([H])c5c5c([H])c(C(C([H])([H])[H])(C([H])([H])[H])C([H])([H])[H])c([H])c(c25)*4c2c([H])c(C(C([H])([H])[H])(C([H])([H])[H])C([H])([H])[H])c([H])c4c2*-3c2c([H])c([H])c(C(C([H])([H])[H])(C([H])([H])[H])C([H])([H])[H])c([H])c24)c([H])c1[H],[5*]C([H])([H])[H],[9*]C1=C(c2c([H])c([H])c([H])c([H])c2[H])N([13*])C(C([H])([H])[H])(C([H])([H])[H])C([H])([H])O1
68,[H]c1c([H])c([H])c2c(c1[H])**C(=S)*2,[7*]c1c([H])c([H])c([H])c([H])c1C([H])([H])[H],[11*]C1([H])C([H])([H])C([H])([H])C([H])([H])C([11*])([H])C([H])([H])C([H])([H])C1([H])[H]
69,*C1(c2c([H])c([H])c([H])c([H])c2[H])*C(C([H])([H])[H])(C([H])([H])[H])C([H])([H])C1(C([H])([H])[H])C([H])([H])[H],[21*]c1c([H])c([H])c([H])c([H])c1[H],[6*]C([H])([H])C([H])([H])C([H])([H])C([H])([H])C([6*])([H])[H]
70,*C1([H])C([H])([H])*C([H])([H])C1(c1c([H])c([H])c([H])c([H])c1[H])C([H])([H])[H],[6*][H],[34*]C([H])([H])C([H])([H])C([H])([H])C([34*])([H])[H]
71,*C1(c2c([H])c([H])c([H])c([H])c2[H])*c2c([H])c([H])c([H])c([H])c2C1(C([H])([H])[H])C([H])([H])C([H])=C([H])[H],[31*]C([H])([H])[H],[19*]Oc1c([H])c([H])c([H])c([H])c1O[19*]
72,**1C(=*)C(=*)c2c([H])c([H])c([H])c([H])c21,[26*][H],[7*]c1c([H])c([H])c([H])c([H])c1Sc1c([7*])c([H])c([H])c([H])c1[H]
73,*c1c(*)c(C([H])([H])[H])c([H])c([H])c1[H],[2*]C(=O)OC(C([H])([H])[H])(C([H])([H])[H])C([H])([H])[H],[3*]C(C([H])([H])[H])(C([H])([H])[H])C([H])([H])C([H])([H])C([H])([H])C([3*])(C([H])([H])[H])C([H])([H])[H]
74,*c1c([H])c([H])c2c(c1[H])*c1c([H])c(*)c([H])c([H])c1*2,[12*]C([H])([H])c1c([H])c([H])c([H])c([H])c1[H],[7*]C(=O)C([H])([H])C([H])([H])C([7*])([H])[H]
75,*C1(C([H])([H])[H])C([H])(c2c([H])c([H])c([H])c([H])c2[H])*C([H])([H])C1([H])[H],[34*]c1c([H])c([H])c([H])c([H])c1[H],[12*]OC1([H])C([H])([H])C2([H])C([H])([H])C([H])(C1(O[12*])C([H])([H])[H])C2(C([H])([H])[H])C([H])([H])[H]
76,*C1=C(C([H])([H])C([H])([H])C([H])([H])[H])O*c2c([H])c([H])c([H])c([H])c21,[11*]c1c([H])c([H])c([H])c([H])c1C([H])([H])[H],[13*]c1c([H])c([H])c([H])c([H])c1Sc1c([13*])c([H])c([H])c([H])c1[H]
77,*c1c([H])*:*c1F,[10*]C(=O)OC(C([H])([H])[H])(C([H])([H])[H])C([H])([H])[H],[6*]OC([H])([H])C([H])([H])C([H])([H])O[6*]
78,*c1c([H])c([H])c2c(c1[H])*1C(=O)C([H])([H])C3([H])OC([H])([H])C([H])([H])C4=C([H])*5C([H])([H])C([H])([H])C26C5([H])C([H])([H])C4([H])C3([H])C16[H],[8*]c1c([H])c([H])c(OC([H])([H])[H])c([H])c1[H],[3*]C([H])(c1c([H])c([H])c([H])c([H])c1[H])C([H])([H])C([H])([H])C([3*])([H])c1c([H])c([H])c([H])c([H])c1[H]
79,**1c2c([H])c([H])c([H])c(C([H])(C([H])([H])[H])C([H])([H])[H])c2*2C1(C([H])(C([H])([H])[H])C([H])([H])[H])C(C([H])([H])[H])(C([H])([H])[H])C([H])([H])C2(C([H])([H])[H])C([H])([H])[H],[8*]c1c([H])c([H])c([H])c(-c2c([H])c([H])c([H])c([H])c2[H])c1[H],[23*]OC(C([H])([H])[H])(C([H])([H])[H])C(O[23*])(C([H])([H])[H])C([H])([H])[H]
80,*C1([H])C(=C([H])C([H])([H])[H])**C1([H])C([H])([H])[H],[16*]c1c([H])c([H])c([H])c([H])c1[H],[44*]c1c([H])c([H])c([H])c([H])c1Oc1c([44*])c([H])c([H])c([H])c1[H]
81,*c1c([H])c2c3c(c1[H])*c1c(sc4c([H])c([H])c(C(C([H])([H])[H])(C([H])([H])[H])C([H])([H])[H])c([H])c14)*3c1sc3c([H])c([H])c(C(C([H])([H])[H])(C([H])([H])[H])C([H])([H])[H])c([H])c3c1*2,[15*]C(=O)OC(C([H])([H])[H])(C([H])([H])[H])C([H])([H])[H],[2*]OC(C([H])([H])[H])(C([H])([H])[H])C(O[2*])(C([H])([H])[H])C([H])([H])[H]
82,*c1c([H])c2c3c(c1[H])*c1c(sc4c([H])c([H])c([H])c([H])c14)*3c1sc3c([H])c([H])c([H])c([H])c3c1*2,[23*]C([H])([H])c1c([H])c([H])c([H])c([H])c1[H],[24*]OC([H])([H])C([H])([H])O[24*]
83,*c1c([H])*c2c([H])c([H])c(OC([H])([H])[H])c([H])c12,[16*][H],[6*]OC(C([H])([H])[H])(C([H])([H])[H])C(O[6*])(C([H])([H])[H])C([H])([H])[H]
84,**1*C([H])([H])c2c([H])c([H])c([H])c([H])c21,[7*]c1c([H])c([H])c(F)c([H])c1[H],[14*]c1c([H])c([H])c([H])c([H])c1c1c([H])c([H])c([H])c([H])c1[14*]
85,[H]c1c([H])c([H])c2c(c1[H])Oc1c([H])c([H])c([H])c3c1N2c1c([H])c([H])c([H])c2c1B3c1c([H])c([H])c([H])c3c1N2c1c([H])c([H])c([H])c([H])c1O3,[6*]C([H])([H])c1c([H])c([H])c([H])c([H])c1[H],[21*]c1c([H])c([H])c([H])c([H])c1C(c1c([21*])c([H])c([H])c([H])c1[H])(C([H])([H])[H])C([H])([H])[H]
86,[H]c1c([H])c([H])c(P2(=O)c3c([H])c([H])c([H])c([H])c3-c3c([H])c([H])c(-c4c([H])c5c6c(c4[H])-n4c7c([H])c([H])c(C(C([H])([H])[H])(C([H])([H])[H])C([H])([H])[H])c([H])c7c7c([H])c(C(C([H])([H])[H])(C([H])([H])[H])C([H])([H])[H])c([H])c(c74)B6c4c([H])c(C(C([H])([H])[H])(C([H])([H])[H])C([H])([H])[H])c([H])c(C(C([H])([H])[H])(C([H])([H])[H])C([H])([H])[H])c4O5)c([H])c32)c([H])c1[H],[5*]C(=O)OC([H])(C([H])([H])[H])C([H])([H])[H],[16*]C(=O)C(=O)c1c([16*])c([H])c([H])c([H])c1[H]
87,*C1(c2c([H])c([H])c([H])c([H])c2[H])*c2c([H])c([H])c([H])c([H])c2C1([H])C1([H])C([H])=C([H])C([H])([H])C([H])([H])C1([H])[H],[13*][H],[6*]c1c([H])c([H])c([H])c([H])c1C(c1c([6*])c([H])c([H])c([H])c1[H])(c1c([H])c([H])c([H])c([H])c1[H])c1c([H])c([H])c([H])c([H])c1[H]
88,*C1([H])C([H])(c2c([H])c([H])c([H])c([H])c2[H])*C([H])([H])C1([H])c1c([H])c([H])c([H])c([H])c1[H],[11*]C([H])([H])c1c([H])c([H])c([H])c([H])c1Br,[33*]OC(C([H])([H])[H])(C([H])([H])[H])C(O[33*])(C([H])([H])[H])C([H])([H])[H]
89,*c1c([H])c2c3c(c1[H])*c1c([H])c([H])c(C([H])([H])[H])c([H])c1*3c1c([H])c(C([H])([H])[H])c([H])c([H])c1*2,[14*]c1c(C(F)(F)F)c([H])c(C(F)(F)F)c([H])c1C(F)(F)F,[32*]C(C([H])([H])[H])(C([H])([H])[H])C([H])([H])C([H])([H])C([H])([H])C([32*])(C([H])([H])[H])C([H])([H])[H]
90,*c1c([H])c2c3c(c1[H])-*1c4c([H])c([H])c([H])c([H])c4c4c([H])c([H])c([H])c(c14)*3c1c([H])c([H])c([H])c([H])c1*2,[22*]S(=O)(=O)c1c([H])c([H])c(OC([H])([H])[H])c([H])c1[H],[6*]c1c([H])c([H])c([H])c([H])c1Oc1c([6*])c([H])c([H])c([H])c1[H]
91,*c1c(C([H])([H])[H])c([H])c2*c(-c3c([H])c([H])c(C(F)(F)F)c([H])c3[H])*c2c1C([H])([H])[H],[5*]P(C(C([H])([H])[H])(C([H])([H])[H])C([H])([H])[H])C(C([H])([H])[H])(C([H])([H])[H])C([H])([H])[H],[39*]c1c([H])c([H])c(C(C([H])([H])[H])(C([H])([H])[H])C([H])([H])[H])c([H])c1C(c1c([39*])c([H])c([H])c(C(C([H])([H])[H])(C([H])([H])[H])C([H])([H])[H])c1[H])(C([H])([H])[H])C([H])([H])[H]
92,[H]c1c([H])c2c3c(c1[H])*1c4c([H])c([H])c([H])c([H])c4C(C([H])([H])[H])(C([H])([H])[H])c4c([H])c([H])c([H])c(c41)*3c1c([H])c(C(C([H])([H])[H])(C([H])([H])[H])C([H])([H])[H])c([H])c([H])c1*2,[19*]c1c(C(F)(F)F)c([H])c(C(F)(F)F)c([H])c1C(F)(F)F,[21*]c1c([H])c([H])c([H])c2c([H])c([H])c3c([H])c([H])c4c([H])c([H])c([H])c([21*])c4c3c12
93,[H]c1*c(*2**C([H])(c3c([H])c([H])c([H])c([H])c3[H])C2([H])c2c([H])c([H])c([H])c([H])c2[H])c([H])c(-c2c(-c3c([H])c(C(C([H])([H])[H])(C([H])([H])[H])C([H])([H])[H])c([H])c(C(C([H])([H])[H])(C([H])([H])[H])C([H])([H])[H])c3[H])c([H])c([H])c([H])c2-c2c([H])c(C(C([H])([H])[H])(C([H])([H])[H])C([H])([H])[H])c([H])c(C(C([H])([H])[H])(C([H])([H])[H])C([H])([H])[H])c2[H])c1[H],[9*]C([H])(C([H])([H])[H])C([H])([H])[H],[17*]OC(C([H])([H])[H])(C([H])([H])[H])C(O[17*])(C([H])([H])[H])C([H])([H])[H]
94,*c1c([H])c([H])c(-c2c([H])c(C(C([H])([H])[H])(C([H])([H])[H])C([H])([H])[H])c([H])c3c2*2c4c(c([H])c(C(C([H])([H])[H])(C([H])([H])[H])C([H])([H])[H])c([H])c43)*3c4c(c([H])c([H])c([H])c4-2)-*2c4c([H])c([H])c(C(C([H])([H])[H])(C([H])([H])[H])C([H])([H])[H])c([H])c4c4c([H])c(C(C([H])([H])[H])(C([H])([H])[H])C([H])([H])[H])c([H])c3c24)c([H])c1[H],[6*]Cl,[11*]OC(C([H])([H])[H])(C([H])([H])[H])C(O[11*])(C([H])([H])[H])C([H])([H])[H]
95,*=C(*1*C(C([H])([H])[H])(C([H])([H])[H])C([H])([H])O1)c1c([H])c([H])c([H])c([H])c1[H],[8*]C(=O)c1c([H])c([H])c([H])c([H])c1[H],[30*]c1c([H])c([H])c([H])c([H])c1Oc1c([30*])c([H])c([H])c([H])c1[H]
96,[H]c1c([H])c([H])c2c(c1[H])*c1c([H])c([H])c([H])c([H])c1*2,[6*]c1c(Cl)c([H])c(Cl)c([H])c1Cl,[13*]OC(C([H])([H])[H])(C([H])([H])[H])C(O[13*])(C([H])([H])[H])C([H])([H])[H]
97,*c1c([H])c([H])c([H])c(*)c1-c1c([H])c([H])c([H])c([H])c1P(C1([H])C([H])([H])C([H])([H])C([H])([H])C([H])([H])C1([H])[H])C1([H])C([H])([H])C([H])([H])C([H])([H])C([H])([H])C1([H])[H],[4*][Si](C([H])([H])[H])(C([H])([H])[H])C([H])([H])[H],[4*]Oc1c([H])c([H])c([H])c([H])c1O[4*]
98,*C1=C([H])c2c([H])c([H])c([H])c([H])c2*C1([H])[H],[12*]c1c([H])c([H])c(Br)c([H])c1[H],[7*]C(=O)C1(C([H])([H])[H])C([H])([H])C(C([7*])=O)(C([H])([H])[H])C([H])([H])C(C(=O)O[H])(C([H])([H])[H])C1([H])[H]
99,*c1c(F)c([H])c([H])c2c([H])c([H])*c12,[7*]C(C([H])([H])[H])(C([H])([H])[H])C([H])([H])[H],[29*]OC(C([H])([H])[H])(C([H])([H])[H])C(O[29*])(C([H])([H])[H])C([H])([H])[H]
100,*C(=C([H])[H])C1([H])*C([H])([H])C([H])(C([H])(C([H])([H])[H])C([H])([H])[H])*C1([H])[H],[20*][H],[13*]c1c([H])c([H])c([H])c([H])c1[Se]c1c([13*])c([H])c([H])c([H])c1[H]
101,*C1([H])C([H])=C(C([H])([H])[H])C([H])([H])C2([H])C([H])([H])C([H])([H])C([H])([H])C([H])([H])C12*,[13*]C([H])(C([H])([H])[H])C([H])([H])[H],[46*]c1c([H])c([H])c([H])c([H])c1C(c1c([46*])c([H])c([H])c([H])c1[H])(C([H])([H])[H])C([H])([H])[H]
102,*C1([H])C(=C([H])C([H])([H])c2c([H])c([H])c([H])c([H])c2[H])**C1([H])C([H])([H])c1c([H])c([H])c([H])c([H])c1[H],[27*]c1c(C(C([H])([H])[H])(C([H])([H])[H])C([H])([H])[H])c([H])c(C(C([H])([H])[H])(C([H])([H])[H])C([H])([H])[H])c([H])c1C(C([H])([H])[H])(C([H])([H])[H])C([H])([H])[H],[23*]c1c([H])c([H])c([H])c([H])c1C([H])([H])c1c([23*])c([H])c([H])c([H])c1[H]
103,*c1c([H])c([H])c([H])c([H])c1C([H])([H])*:*:*c(c[H])-c1c([H])c([H])c2c([H])c([H])c(=O)oc2c1[H],[10*]c1c(OC([H])([H])[H])c([H])c([H])c([H])c1OC([H])([H])[H],[10*]OC(C([H])([H])[H])(C([H])([H])[H])C(O[10*])(C([H])([H])[H])C([H])([H])[H]
104,[H]c1c([H])c(C([H])([H])[H])c([H])c2c1-*1c3c([H])c([H])c(C([H])([H])[H])c([H])c3c3c([H])c(C([H])([H])[H])c([H])c(c13)*2,[24*]c1c([H])c([H])c([H])c([H])c1[H],[8*]C1([H])C([H])([H])C([H])([H])C([H])([H])C([8*])([H])C([H])([H])C([H])([H])C1([H])[H]
105,*C([H])=C(*)c1c([H])c([H])c([H])c([H])c1[H],[5*]S(=O)(=O)c1c([H])c([H])c([H])c2c([H])c([H])c([H])nc12,[11*]C([H])([H])C([H])([H])C([H])([H])C([H])([H])C([11*])([H])[H]
106,*C([H])(c1c([H])c([H])c(Br)c([H])c1[H])C(*)([H])C([H])([H])[H],[37*]C([H])([H])[H],[17*]c1c([H])c([H])c([H])c([H])c1C1(c2c([17*])c([H])c([H])c([H])c2[H])c2c([H])c([H])c([H])c([H])c2-c2c([H])c([H])c([H])c([H])c21
107,*c1c(OC([H])([H])[H])*c(OC([H])([H])[H])c([H])c1[H],[27*]c1c(C([H])([H])[H])c([H])c(C([H])([H])[H])c([H])c1C([H])([H])[H],[35*]OC(C([H])([H])[H])(C([H])([H])[H])C(O[35*])(C([H])([H])[H])C([H])([H])[H]
108,[H]C([H])([H])C1=*O**1,[41*]c1c([H])c([H])c(C([H])([H])[H])c([H])c1[H],[4*]C1([H])C([H])([H])C([H])([H])C([H])([H])C([4*])([H])C([H])([H])C([H])([H])C1([H])[H]
109,[H]C1(C2([H])C([H])([H])C([H])([H])C([H])([H])C([H])([H])C2([H])[H])*OC(=O)*1,[57*]c1c([H])c([H])c(C(C([H])([H])[H])(C([H])([H])[H])C([H])([H])[H])c([H])c1[H],[49*]c1c([H])c([H])c([H])c([H])c1Oc1c([49*])c([H])c([H])c([H])c1[H]
110,*C1([H])C([H])([H])*C([H])([H])C([H])([H])C1([H])[H],[18*]c1c(-c2c(C([H])(C([H])([H])[H])C([H])([H])[H])c([H])c([H])c([H])c2C([H])(C([H])([H])[H])C([H])([H])[H])c([H])c([H])c([H])c1-c1c(C([H])(C([H])([H])[H])C([H])([H])[H])c([H])c([H])c([H])c1C([H])(C([H])([H])[H])C([H])([H])[H],[7*]OC(C([H])([H])[H])(C([H])([H])[H])C(O[7*])(C([H])([H])[H])C([H])([H])[H]
111,*c1c(-*)c([H])c(C([H])([H])[H])c([H])c1[H],[25*]C([H])([H])[H],[21*]OC([H])([H])C(C([H])([H])[H])(C([H])([H])[H])C([H])([H])O[21*]
112,**1C(C([H])([H])[H])=C(*)C12c1c([H])c([H])c([H])c([H])c1-c1c([H])c([H])c([H])c([H])c12,[18*]c1c([H])c([H])c(C([H])([H])[H])c([H])c1[H],[13*]C(=O)c1c([H])c([H])c([H])c2c([H])c([H])c([H])c(C([13*])=O)c12
113,*C([H])=C(*)c1c([H])c([H])c(F)c([H])c1[H],[5*]C(=O)C([H])=C([H])c1c([H])c([H])c([H])c([H])c1[H],[15*]OC(c1c([H])c([H])c([H])c([H])c1[H])(c1c([H])c([H])c([H])c([H])c1[H])C(O[15*])(c1c([H])c([H])c([H])c([H])c1[H])c1c([H])c([H])c([H])c([H])c1[H]
114,*c1c(-c2c([H])c([H])c(C(=O)OC([H])([H])C([H])([H])[H])c([H])c2[H])c(*)c2c([H])c([H])c([H])c([H])c2c1[H],[21*]=O,[5*]OC(C([H])([H])[H])(C([H])([H])[H])C(O[5*])(C([H])([H])[H])C([H])([H])[H]
115,*c1c([H])*c(-c2c([H])c([H])c([H])c([H])c2[H])c([H])c1[H],[17*]c1c(C([H])([H])[H])c([H])c(C([H])([H])[H])c([H])c1C([H])([H])[H],[30*]c1c([H])c([H])c([H])c([H])c1C(c1c([30*])c([H])c([H])c([H])c1[H])(C([H])([H])[H])C([H])([H])[H]
116,[H]c1c([H])c([H])c2c(c1[H])-c1c([H])c([H])c([H])c([H])c1C21c2c([H])c([H])c([H])c([H])c2-c2c3c4c(c([H])c21)-n1c2c([H])c([H])c(C(C([H])([H])[H])(C([H])([H])[H])C([H])([H])[H])c([H])c2c2c([H])c(C(C([H])([H])[H])(C([H])([H])[H])C([H])([H])[H])c([H])c(c21)B4c1c([H])c(C(C([H])([H])[H])(C([H])([H])[H])C([H])([H])[H])c([H])c2c4c([H])c(C(C([H])([H])[H])(C([H])([H])[H])C([H])([H])[H])c([H])c([H])c4n-3c12,[7*]C([H])([H])c1c([H])c([H])c(OC([H])([H])[H])c([H])c1[H],[21*]OC([H])([H])C([H])([H])O[21*]
117,[H]C([H])([H])C12*C3([H])*(*C([H])(C([H])([H])C1([H])[H])C2(C([H])([H])[H])C([H])([H])[H])C1([H])C([H])([H])C([H])([H])C([H])([H])C3([H])C([H])([H])C([H])([H])C1([H])[H],[7*]C(=O)OC(C([H])([H])[H])(C([H])([H])[H])C([H])([H])[H],[4*]C([H])([H])C([H])([H])SC([H])([H])C([4*])([H])[H]
118,*C1([H])C([H])([H])*C(=O)C1([H])c1c([H])c([H])c([H])c([H])c1[H],[6*]C(=O)OC([H])(C([H])([H])[H])C([H])([H])[H],[15*]OC(C([H])([H])[H])(C([H])([H])[H])C(O[15*])(C([H])([H])[H])C([H])([H])[H]
119,[H]c1c([H])c2c(c([H])c1Cl)***2,[2*]C(C([H])([H])[H])(C([H])([H])[H])C([H])([H])[H],[41*]c1c([H])c([H])c([H])c([H])c1Oc1c([41*])c([H])c([H])c([H])c1[H]
120,[H]c1c([H])c([H])c2c(c1[H])Sc1c([H])c([H])c([H])c3c1B2c1c([H])c([H])c([H])c2c4c([H])c([H])c([H])c([H])c4n-3c12,[24*]c1c([H])c(-c2c([H])c([H])c([H])c([H])c2[H])c([H])c([H])c1-c1c([H])c(C23C([H])([H])C4([H])C([H])([H])C([H])(C([H])([H])C([H])(C4([H])[H])C2([H])[H])C3([H])[H])c(OC([H])([H])[H])c(C23C([H])([H])C4([H])C([H])([H])C([H])(C([H])([H])C([H])(C4([H])[H])C2([H])[H])C3([H])[H])c1[H],[19*]OC(C([H])([H])[H])(C([H])([H])[H])C(O[19*])(C([H])([H])[H])C([H])([H])[H]
121,*C1([H])C([H])([H])C1(*)c1c([H])c([H])c(Cl)c(Cl)c1[H],[25*]C(=O)OC(C([H])([H])[H])(C([H])([H])[H])C([H])([H])[H],[24*]OC(C([H])([H])[H])(C([H])([H])[H])C(O[24*])(C([H])([H])[H])C([H])([H])[H]
122,[H]C1=**(c2*c3c([H])c([H])c([H])c([H])c3c([H])c2[H])*c2c([H])c([H])c([H])c([H])c21,[23*]C(=O)C([H])([H])[H],[41*]c1c([H])c([H])c(C(C([H])([H])[H])(C([H])([H])[H])C([H])([H])[H])c([H])c1c1c([H])c(C(C([H])([H])[H])(C([H])([H])[H])C([H])([H])[H])c([H])c([H])c1[41*]
123,*C1([H])*2:*(c(=O)*c2=O)C([H])([H])C([H])([H])C1([H])[H],[64*]c1c([H])c([H])c([H])c([H])c1[H],[18*]OC(C([H])([H])[H])(C([H])([H])[H])C(O[18*])(C([H])([H])[H])C([H])([H])[H]
124,[H]C([H])([H])C1(C([H])([H])[H])*C([H])(**C2([H])*C(C([H])([H])[H])(C([H])([H])[H])C([H])([H])C2(C([H])([H])[H])C([H])([H])[H])C(C([H])([H])[H])(C([H])([H])[H])C1([H])[H],[18*]O[H],[49*]c1c([H])c([H])c([H])c([H])c1[Se]c1c([49*])c([H])c([H])c([H])c1[H]
125,[H]c1oc(C2([H])*C(C(=O)OC([H])([H])[H])(C([H])([H])[H])C([H])(*3*c4c([H])c([H])c([H])c([H])c4C([H])(c4c([H])c([H])c([H])c([H])c4[H])*3)C2([H])C(=O)OC([H])([H])[H])c([H])c1[H],[14*]C(C([H])([H])[H])(C([H])([H])[H])C([H])([H])[H],[33*]c1c([H])c([H])c([H])c([H])c1Oc1c([33*])c([H])c([H])c([H])c1[H]
126,*c1c([H])*:*c1[Si](O[H])(C([H])([H])[H])C([H])([H])[H],[9*]=O,[12*]C(=O)C([H])([H])OC([H])([H])C([12*])=O
127,*c1c([H])*:*c1[H],[12*][H],[13*]Oc1c([H])c([H])c([H])c([H])c1O[13*]
128,*C([H])([H])C(*)([H])C([H])([H])c1c([H])c([H])c([H])c([H])c1[H],[3*][Si](c1c([H])c([H])c([H])c([H])c1[H])(C([H])([H])[H])C([H])([H])[H],[32*]c1c([H])c([H])c([H])c2c([H])c([H])c3c([H])c([H])c4c([H])c([H])c([H])c([32*])c4c3c12
129,*c1c(OC([H])([H])[H])*:*c(-c2c([H])c([H])c(OC([H])([H])[H])c([H])c2[H])c1[H],[21*]C([H])([H])[H],[16*]OC(C([H])([H])[H])(C([H])([H])[H])C(O[16*])(C([H])([H])[H])C([H])([H])[H]
130,*C1=C(c2c([H])c([H])c([H])c([H])c2[H])*C2(c3c([H])c([H])c([H])c([H])c3[H])C(c3c([H])c([H])c([H])c([H])c3[H])=C(c3c([H])c([H])c([H])c([H])c3[H])C12*,[14*]c1c(C([H])([H])[H])c([H])c(C([H])([H])[H])c([H])c1C([H])([H])[H],[9*]OC(C([H])([H])[H])(C([H])([H])[H])C(O[9*])(C([H])([H])[H])C([H])([H])[H]
131,[H]c1c([H])c([H])c2c(c1[H])-c1c([H])c([H])c3c4c1C2(C([H])([H])[H])c1c([H])c([H])c([H])c([H])c1N4c1c([H])c([H])c([H])c2c1B3c1c([H])c(C(C([H])([H])[H])(C([H])([H])[H])C([H])([H])[H])c([H])c3c4c([H])c(C(C([H])([H])[H])(C([H])([H])[H])C([H])([H])[H])c([H])c([H])c4n-2c13,[7*]c1c([H])c([H])c([H])c([H])c1[H],[12*]OC(C([H])([H])[H])(C([H])([H])[H])C(O[12*])(C([H])([H])[H])C([H])([H])[H]
132,[H]C1([H])*C(C([H])([H])[H])=C(C([H])([H])[H])*1,[15*]C(=O)C12C([H])([H])C3([H])C([H])([H])C([H])(C([H])([H])C([H])(C3([H])[H])C1([H])[H])C2([H])[H],[11*]OC(C([H])([H])[H])(C(O[11*])(C([H])([H])[H])C(C([H])=C([H])C([H])(C([H])([H])[H])C([H])([H])[H])(C([H])([H])[H])C([H])([H])[H])C(C([H])=C([H])C([H])(C([H])([H])[H])C([H])([H])[H])(C([H])([H])[H])C([H])([H])[H]
133,[H]c1c([H])c([H])c(C2([H])**(C3([H])C([H])(C(F)(F)F)*OC3([H])C([H])([H])c3c([H])c([H])c([H])c([H])c3[H])*c3c([H])c([H])c([H])c([H])c32)c([H])c1[H],[10*]C([H])([H])c1c([H])c([H])c([H])c([H])c1[H],[9*]OC([H])([H])C1([H])OC2([H])OC(C([H])([H])[H])(C([H])([H])[H])OC2([H])C1([H])O[9*]
134,[H]c1c([H])c([H])c2c(c1[H])*c1c([H])c(C(C([H])([H])[H])(C([H])([H])[H])C([H])([H])[H])c([H])c3c1*2c1c(c([H])c([H])c2c([H])c([H])c([H])c([H])c12)*3,[8*]c1c([H])c([H])c(C([H])([H])[H])c([H])c1[H],[23*]c1c([H])c([H])c([H])c([H])c1c1c([H])c([H])c([H])c([H])c1[23*]
135,*C1(c2c([H])c([H])c([H])c([H])c2[H])*c2c([H])c([H])c([H])c([H])c2C1([H])C([H])(c1c([H])c([H])c([H])c([H])c1[H])C([H])([H])C(C(=O)OC([H])([H])C([H])([H])[H])(C(=O)OC([H])([H])C([H])([H])[H])C([H])([H])[H],[4*]c1c(F)c(F)c(F)c(F)c1F,[14*]Oc1c([H])c([H])c([H])c([H])c1O[14*]
136,*c1c(-*)c([H])c([H])c([H])c1-*,[8*]C(=O)C([H])=C([H])[H],[23*]c1c([H])c([H])c(C(C([H])([H])[H])(C([H])([H])[H])C([H])([H])[H])c([H])c1c1c([H])c(C(C([H])([H])[H])(C([H])([H])[H])C([H])([H])[H])c([H])c([H])c1[23*]
137,[H]c1c([H])c([H])c2c(c1[H])[Se]c1c([H])c([H])c([H])c([H])c1C21c2c([H])c([H])c([H])c([H])c2-c2c([H])c([H])c([H])c(-c3c([H])c4c5c(c3[H])-n3c6c([H])c([H])c(C(C([H])([H])[H])(C([H])([H])[H])C([H])([H])[H])c([H])c6c6c([H])c(C(C([H])([H])[H])(C([H])([H])[H])C([H])([H])[H])c([H])c(c63)B5c3c([H])c(C(C([H])([H])[H])(C([H])([H])[H])C([H])([H])[H])c([H])c5c6c([H])c(C(C([H])([H])[H])(C([H])([H])[H])C([H])([H])[H])c([H])c([H])c6n-4c35)c21,[11*]C([H])([H])c1c2c([H])c([H])c([H])c([H])c2c([H])c2c([H])c([H])c([H])c([H])c12,[6*]c1c([H])c([H])c([H])c([H])c1c1c([H])c([H])c([H])c([H])c1[6*]
138,*-c1c([H])c([H])c([H])c(-c2c([H])c3c4c(c2[H])-*2c5c([H])c([H])c(C(C([H])([H])[H])(C([H])([H])[H])C([H])([H])[H])c([H])c5c5c([H])c(C(C([H])([H])[H])(C([H])([H])[H])C([H])([H])[H])c([H])c(c25)*4c2c([H])c(C(C([H])([H])[H])(C([H])([H])[H])C([H])([H])[H])c([H])c4c2*-3c2c([H])c([H])c(C(C([H])([H])[H])(C([H])([H])[H])C([H])([H])[H])c([H])c24)c1[H],[4*]S(=O)(=O)C([H])([H])[H],[8*]c1c([H])c([H])c(C(C([H])([H])[H])(C([H])([H])[H])C([H])([H])[H])c([H])c1c1c([H])c(C(C([H])([H])[H])(C([H])([H])[H])C([H])([H])[H])c([H])c([H])c1[8*]
139,*c1c(*)c([H])c(OC([H])([H])c2c([H])c([H])c([H])c([H])c2[H])c([H])c1[H],[15*]c1c(C([H])([H])[H])c([H])c(C([H])([H])[H])c([H])c1C([H])([H])[H],[34*]C([H])([H])C([H])([H])C([H])([H])C([H])([H])C([34*])([H])[H]
140,[H]c1c([H])c([H])c2c(c1[H])**C2([H])C([H])([H])[H],[11*]C([H])([H])[H],[20*]OC(C([H])([H])[H])(C([H])([H])[H])C(O[20*])(C([H])([H])[H])C([H])([H])[H]
141,*c1c(*)c([H])c(Br)c([H])c1[H],[4*]c1c(C([H])([H])[H])c([H])c(C([H])([H])[H])c([H])c1C([H])([H])[H],[11*]C(=O)C1([H])N([52*])C([H])([H])C([H])([H])C1([H])[H]
142,*c1c(*)c([H])c(OC([H])([H])[H])c(Cl)c1[H],[16*]C1([H])C([H])([H])C([H])([H])C([H])([H])C([H])([H])C1([H])[H],[49*]c1c([H])c([H])c([H])c([H])c1P(=S)(c1c([49*])c([H])c([H])c([H])c1[H])c1c([H])c([H])c([H])c([H])c1[H]
143,*c1c(C#*)*c([H])c([H])c1[H],[25*][O-],[16*]C([H])([H])C([H])([H])C([H])([H])C([H])([H])C([16*])([H])[H]
144,*c1c(-*)c([H])c(C#*)c([H])c1[H],[2*]C([H])([H])[H],[22*]c1c([H])c([H])c(C(C([H])([H])[H])(C([H])([H])[H])C([H])([H])[H])c([H])c1c1c([H])c(C(C([H])([H])[H])(C([H])([H])[H])C([H])([H])[H])c([H])c([H])c1[22*]
145,*C1([H])*C([H])([H])C([H])([H])C1([H])[H],[16*]c1c(F)c(F)c(F)c(F)c1F,[13*]C([H])([H])C([H])([H])OC([H])([H])C([13*])([H])[H]
146,[H]c1c2c3c(c([H])c1C(C([H])([H])[H])(C([H])([H])[H])C([H])([H])[H])*c1c([H])c([H])c4c([H])c([H])c5c([H])c([H])c([H])c([H])c5c4c1*3c1c(c([H])c3c(c1[H])c([H])c([H])c1c([H])c([H])c([H])c([H])c13)*2,[11*]S(=O)(=O)C1([H])C([H])([H])C1([H])[H],[47*]c1c(C([H])([H])[H])c([H])c(C([H])([H])[H])c([H])c1c1c([H])c(C([H])([H])[H])c([H])c(C([H])([H])[H])c1[47*]
147,[H]C1(C2([H])C([H])([H])C([H])([H])C([H])([H])C([H])([H])C2([H])[H])**C(=O)*1,[7*]c1c([H])c([H])c(Cl)c([H])c1[H],[22*]c1c([H])c([H])c([H])c([H])c1c1c([H])c([H])c([H])c([H])c1[22*]
148,*c1c([H])c([H])c([H])c([H])c1C([H])([H])*:*:*c(c[H])-c1c([H])c([H])c([H])c([H])c1[H],[10*]C(=O)C1([H])c2c([H])c([H])c([H])c([H])c2C([H])([H])C([H])([H])C1([H])[H],[32*]OC(C([H])([H])[H])(C([H])([H])[H])C(O[32*])(C([H])([H])[H])C([H])([H])[H]
149,*c1c([H])c([H])c2c(c1[H])*1c3c([H])c(*)c([H])c([H])c3Oc3c([H])c([H])c([H])c(c31)O2,[7*]C([H])([H])C([H])=C([H])[H],[14*]C1([H])C([H])([H])C([H])([H])C([H])([H])C([14*])([H])C([H])([H])C([H])([H])C1([H])[H]
150,*c1*c([H])*c1I,[15*]c1c(-c2c(C([H])([H])[H])c([H])c(C([H])([H])[H])c([H])c2C([H])([H])[H])c([H])c([H])c([H])c1-c1c(C([H])([H])[H])c([H])c(C([H])([H])[H])c([H])c1C([H])([H])[H],[12*]OC([H])(c1c([H])c([H])c([H])c([H])c1[H])C([H])(O[12*])c1c([H])c([H])c([H])c([H])c1[H]
151,*c1c([H])c2c3c(c1[H])-*1c4c([H])c(-c5c([H])c([H])c(C(C([H])([H])[H])(C([H])([H])[H])C([H])([H])[H])c([H])c5[H])c([H])c([H])c4c4c([H])c([H])c(-c5c([H])c([H])c(C(C([H])([H])[H])(C([H])([H])[H])C([H])([H])[H])c([H])c5[H])c(c14)*3c1c(-c3c([H])c([H])c(C(C([H])([H])[H])(C([H])([H])[H])C([H])([H])[H])c([H])c3[H])c([H])c([H])c3c1*-2c1c([H])c(-c2c([H])c([H])c(C(C([H])([H])[H])(C([H])([H])[H])C([H])([H])[H])c([H])c2[H])c([H])c([H])c13,[5*]S(=O)(=O)c1c([H])c([H])c(C([H])([H])[H])c([H])c1[H],[9*]C(C([H])([H])[H])(C([H])([H])[H])C([H])([H])C([H])([H])C([H])([H])C([9*])(C([H])([H])[H])C([H])([H])[H]
152,*C1([H])C([H])([H])*C([H])([H])C([H])(C([H])([H])[H])C1([H])[H],[6*]c1c(C([H])([H])[H])c([H])c(C([H])([H])[H])c([H])c1C([H])([H])[H],[3*]OC(C([H])([H])[H])(C([H])([H])[H])C(O[3*])(C([H])([H])[H])C([H])([H])[H]
153,*C1=C([H])C([H])([H])C([H])([H])OC([H])(c2c([H])c([H])c([H])c([H])c2[H])c2oc3c([H])c([H])c([H])c([H])c3c2*C1([H])[H],[6*]C(=O)C(C([H])([H])[H])(C([H])([H])[H])C([H])([H])[H],[40*]c1c([H])c([H])c([H])c([H])c1-c1c([H])c([H])c([H])c([H])c1-c1c([40*])c([H])c([H])c([H])c1[H]
154,[H]c1c([H])c([H])c(C2(c3c([H])c([H])c([H])c([H])c3[H])c3c([H])c([H])c([H])c([H])c3-c3c([H])c([H])c(-c4c([H])c5c6c(c4[H])-n4c7c([H])c([H])c(C(C([H])([H])[H])(C([H])([H])[H])C([H])([H])[H])c([H])c7c7c([H])c(C(C([H])([H])[H])(C([H])([H])[H])C([H])([H])[H])c([H])c(c74)B6c4c([H])c(C(C([H])([H])[H])(C([H])([H])[H])C([H])([H])[H])c([H])c6c7c([H])c(C(C([H])([H])[H])(C([H])([H])[H])C([H])([H])[H])c([H])c([H])c7n-5c46)c([H])c32)c([H])c1[H],[14*]c1c(C([H])([H])[H])c(C([H])([H])[H])c([H])c(C([H])([H])[H])c1C([H])([H])[H],[21*]C([H])([H])c1c(C([H])([H])C([21*])([H])[H])sc([H])c1[H]
155,*c1c([H])*c(-c2c([H])c([H])c([H])c([H])c2-c2c(C([H])([H])[H])c([H])c(C([H])([H])[H])c([H])c2C([H])([H])[H])c([H])c1[H],[1*]C([H])([H])c1c2c([H])c([H])c([H])c([H])c2c([H])c2c([H])c([H])c([H])c([H])c12,[30*]c1c(C([H])([H])[H])c([H])c(C([H])([H])[H])c([H])c1c1c([H])c(C([H])([H])[H])c([H])c(C([H])([H])[H])c1[30*]
156,*c1c([H])*c2c([H])c([H])c([H])c([H])c12,[31*][H],[27*]c1c([H])c([H])c([H])c([H])c1Sc1c([27*])c([H])c([H])c([H])c1[H]
157,*C(*)(C1([H])C([H])([H])C([H])([H])C([H])([H])C([H])([H])C1([H])[H])C1([H])C([H])([H])C([H])([H])C([H])([H])C([H])([H])C1([H])[H],[1*]C([H])([H])c1c2c([H])c([H])c([H])c([H])c2c(Br)c2c([H])c([H])c([H])c([H])c12,[9*]c1c([H])c([H])c([H])c([H])c1C(c1c([9*])c([H])c([H])c([H])c1[H])(C([H])([H])[H])C([H])([H])[H]
158,*c1*:*c(C(F)(F)F)c1Br,[11*]C(C([H])([H])[H])(C([H])([H])[H])C([H])([H])[H],[8*]c1c([H])c([H])c([H])c([H])c1C([H])([H])C([H])([H])c1c([8*])c([H])c([H])c([H])c1[H]
159,*C(=O)Oc1c([H])c(*)c(*)c([H])c1[H],[11*]c1c(C([H])([H])[H])c([H])c(C([H])([H])[H])c([H])c1C([H])([H])[H],[2*]c1c([H])c([H])c([H])c([H])c1c1c([H])c([H])c([H])c([H])c1[2*]
160,*C([H])=C(*)C([H])([H])C([H])=C([H])C(C([H])([H])[H])(C([H])([H])[H])C([H])([H])[H],[5*]C#Cc1c([H])c([H])c([H])c([H])c1[H],[17*]c1c([H])c([H])c([H])c([H])c1Sc1c([17*])c([H])c([H])c([H])c1[H]
161,[H]c1c([H])c([H])c(C2(c3c([H])c([H])c([H])c([H])c3[H])c3c([H])c(-c4c([H])c5c6c(c4[H])-n4c7c([H])c([H])c(C(C([H])([H])[H])(C([H])([H])[H])C([H])([H])[H])c([H])c7c7c([H])c(C(C([H])([H])[H])(C([H])([H])[H])C([H])([H])[H])c([H])c(c74)B6c4c([H])c(C(C([H])([H])[H])(C([H])([H])[H])C([H])([H])[H])c([H])c6c7c([H])c(C(C([H])([H])[H])(C([H])([H])[H])C([H])([H])[H])c([H])c([H])c7n-5c46)c([H])c([H])c3-n3c4c([H])c([H])c(C(C([H])([H])[H])(C([H])([H])[H])C([H])([H])[H])c([H])c4c4c([H])c(C(C([H])([H])[H])(C([H])([H])[H])C([H])([H])[H])c([H])c2c43)c([H])c1[H],[13*]=C([H])c1c(O[H])c([H])c([H])c2c([H])c([H])c([H])c([H])c12,[13*]c1c([H])c([H])c([H])c([H])c1Oc1c([13*])c([H])c([H])c([H])c1[H]
162,*c1c(*)c([H])c([H])c([H])c1[H],[15*][H],[14*]OC(C([H])([H])[H])(C([H])([H])[H])C(O[14*])(C([H])([H])[H])C([H])([H])[H]
163,*C1([H])*c2c([H])c([H])c([H])c([H])c2C1([H])c1c([H])c([H])c([H])c([H])c1[H],[1*]S(=O)(=O)c1c([H])c([H])c(C([H])([H])[H])c([H])c1[H],[4*]OC(C([H])([H])[H])(C([H])([H])[H])C(O[4*])(C([H])([H])[H])C([H])([H])[H]
164,[H]C(C1=C(c2c([H])c([H])c([H])c([H])c2[H])*C([H])([H])*1)=C([H])c1c([H])c([H])c([H])c([H])c1[H],[11*]c1c(C(F)(F)F)c([H])c(C(F)(F)F)c([H])c1C(F)(F)F,[8*]OC(C([H])([H])[H])(C([H])([H])[H])C(O[8*])(C([H])([H])[H])C([H])([H])[H]
165,*c1*:*c([H])c1Cl,[9*]c1c(C([H])(C([H])([H])[H])C([H])([H])[H])c([H])c([H])c([H])c1C([H])(C([H])([H])[H])C([H])([H])[H],[49*]c1c([H])c([H])c([H])c([H])c1P(=O)(c1c([49*])c([H])c([H])c([H])c1[H])c1c([H])c([H])c([H])c([H])c1[H]
166,*C(=C(*)[Si](c1c([H])c([H])c([H])c([H])c1[H])(C([H])([H])[H])C([H])([H])[H])c1c([H])c([H])c([H])c([H])c1[H],[10*]c1c([H])c([H])c2oc3c([H])c([H])c([H])c([H])c3c2c1[H],[15*]Oc1c([H])c([H])c([H])c([H])c1O[15*]
167,*C(*)=C(*)*,[4*]c1c([H])c([H])c([H])c([H])c1[H],[26*]C([H])([H])C([H])([H])OC([H])([H])C([26*])([H])[H]
168,*C(=O)c1c(*)c([H])c(C(*)=O)c([H])c1[H],[12*]C([H])([H])[H],[26*]OC(C([H])([H])[H])(C([H])([H])[H])C(O[26*])(C([H])([H])[H])C([H])([H])[H]
169,*C1([H])C([H])([H])*C2([H])C([H])([H])C([H])([H])C([H])([H])C([H])([H])C2([H])C1([H])[H],[20*]C([H])([H])[H],[28*]c1c([H])c([H])c([H])c([H])c1c1c([H])c([H])c([H])c([H])c1[28*]
170,*C1([H])c2c([H])c(F)c([H])c([H])c2*C1([H])C([H])([H])[H],[35*][H],
171,*c1c([H])c([*+])c([H])c([H])c1[H],[16*]C([H])([H])[H],
172,**(*)C(*)=O,[16*][O-],
173,*C1([H])C([H])([H])*C([H])([H])C([H])([H])C1([H])C([H])([H])C([H])([H])[H],[9*]C([H])([H])[H],
174,*c1*c(F)c(F)c(F)c1F,[20*]O[H],
175,*c1*c(C(=O)OC([H])([H])C([H])([H])[H])c(C([H])([H])[H])c1C([H])([H])[H],[20*]c1c(C([H])([H])[H])c([H])c([H])c([H])c1C([H])([H])[H],
176,[H]c1*c2c([H])c([H])c([H])c([H])c2c2c1*c1c([H])c([H])c([H])c3c([H])c([H])c([H])c-2c13,[30*]C([H])([H])[H],
177,[H]c1c([H])c2c3c(c1[H])C(C([H])([H])[H])(C([H])([H])[H])c1c([H])c([H])c([H])c4c1*3c1c(c([H])c([H])c([H])c1C4(C([H])([H])[H])C([H])([H])[H])*2,[10*]S(=O)(=O)c1c([H])c([H])c(C([H])([H])[H])c([H])c1[H],
178,*c1c([H])c([H])c([H])c2*c([H])c([H])c12,[22*]=O,
179,*c1c([H])c([H])c2c(c1[H])*1*c3c([H])c([H])c([H])c([H])c3C([H])=C1C(c1c([H])c([H])c([H])c([H])c1[H])=C2c1c([H])c([H])c([H])c([H])c1[H],[27*]c1c([H])c([H])c(C(C([H])([H])[H])(C([H])([H])[H])C([H])([H])[H])c([H])c1[H],
180,[H]c1sc(C2=*O**2)c([H])c1[H],[24*]C1([H])C([H])([H])C([H])([H])C([H])([H])C([H])([H])C1([H])[H],
181,*C1=C(*)P(c2c(C(C([H])([H])[H])(C([H])([H])[H])C([H])([H])[H])c([H])c(C(C([H])([H])[H])(C([H])([H])[H])C([H])([H])[H])c([H])c2C(C([H])([H])[H])(C([H])([H])[H])C([H])([H])[H])C(=C([H])C(C([H])([H])[H])(C([H])([H])[H])C([H])([H])[H])*1,[19*]C([H])([H])[H],
182,*c1*c([H])c(F)c1F,[10*]C(C([H])([H])[H])(C([H])([H])[H])C([H])([H])[H],
183,[H]C1=C(c2c([H])c([H])c([H])c([H])c2[H])*C([H])([H])*1,[2*]c1c([H])c([H])c([H])c2c([H])c([H])c([H])c([H])c12,
184,*C1([H])C([H])(C(=O)c2c([H])c([H])c([H])c([H])c2[H])*OC1([H])C(=O)OC([H])([H])[H],[31*]C1([H])C([H])([H])C([H])([H])C([H])([H])C([H])([H])C1([H])[H],
185,*c1c([H])c2c3c(c1[H])*c1c(oc4c([H])c([H])c([H])c([H])c14)*3c1oc3c([H])c([H])c([H])c([H])c3c1*2,[6*]c1c(C([H])([H])[H])c([H])c([H])c([H])c1C([H])([H])[H],
186,*c1c([H])c([H])c([H])c([H])c1C([H])([H])*C1([H])*(C([H])(c2c([H])c([H])c([H])c([H])c2[H])C([H])c2c([H])c([H])c([H])c([H])c2[H])C(=O)c2c([H])c([H])c([H])c([H])c21,[19*]C([H])([H])c1c([H])c([H])c([H])c([H])c1[H],
187,[H]c1c([H])c2c3c(c1[H])N1c4c([H])c([H])c([H])c([H])c4[Si](C([H])([H])[H])(C([H])([H])[H])c4c([H])c([H])c([H])c(c41)B3c1c([H])c([H])c([H])c3c1N2c1c([H])c([H])c([H])c([H])c1[Si]3(C([H])([H])[H])C([H])([H])[H],[32*]c1c([H])c([H])c([H])c([H])c1[H],
188,*c1c([H])c2c3c(c1[H])-*1c4c([H])c([H])c(C(C([H])([H])[H])(C([H])([H])[H])C([H])([H])[H])c([H])c4c4c([H])c(C(C([H])([H])[H])(C([H])([H])[H])C([H])([H])[H])c([H])c(c14)*3c1c([H])c([H])c([H])c3c1*-2c1c([H])c([H])c([H])c([H])c13,[17*]C(=O)OC(C([H])([H])[H])(C([H])([H])[H])C([H])([H])[H],
189,**1C(=C([H])[H])C([H])([H])*C([H])([H])C1=C([H])[H],[36*]c1c(C([H])([H])[H])c([H])c(C([H])([H])[H])c([H])c1C([H])([H])[H],
190,*C1([H])C([H])([H])*C([H])([H])C1([H])[H],[12*]C([H])=C([H])[H],
191,**1C(=*)c2c([H])c([H])c([H])c([H])c21,[9*]c1c(C(F)(F)F)c([H])c(C(F)(F)F)c([H])c1C(F)(F)F,
192,*C1([H])c2c([H])c([H])c([H])c([H])c2*C1(c1c([H])c([H])c([H])c([H])c1[H])c1c([H])c([H])c(OC([H])([H])[H])c([H])c1[H],[5*]C([H])(C([H])([H])[H])C([H])([H])[H],
193,*C([H])([H])C(*)([H])C([H])([H])C([H])([H])C([H])([H])Cl,[21*][H],
194,*=C(P=C=O)*1*C([H])=C([H])*1,[5*]P1(=O)C([H])(c2c([H])c([H])c([H])c([H])c2[H])C([H])([H])C([H])([H])C1([H])c1c([H])c([H])c([H])c([H])c1[H],
195,*c1*c2*c([H])*c(-c3c([H])c([H])c([H])c([H])c3[H])c2c1[H],[9*]=C([H])c1c([H])c(I)c([H])c(I)c1O[H],
196,*c1*:*c(C(F)(F)F)c1[H],[13*]c1c(C([H])(C([H])([H])[H])C([H])([H])[H])c([H])c([H])c([H])c1C([H])(C([H])([H])[H])C([H])([H])[H],
197,*C1([H])C([H])([H])c2c([H])c(OC([H])([H])[H])c([H])c([H])c2*C1([H])c1c([H])c([H])c(OC([H])([H])[H])c([H])c1[H],[17*]c1c(C([H])(C([H])([H])[H])C([H])([H])[H])c([H])c([H])c([H])c1C([H])(C([H])([H])[H])C([H])([H])[H],
198,*c1c([H])c([H])c([H])c([H])c1-c1*:*:*c1[H],[10*][Si](c1c([H])c([H])c([H])c([H])c1[H])(C([H])([H])[H])C([H])([H])[H],
199,**C(=*)c1c([H])c([H])c([H])c([H])c1[H],[24*][H],
200,*c1c(*)c([H])c([H])c([H])c1*,[17*]c1c([H])c([H])c([H])c([H])c1[H],
201,*c1c([H])c([H])c([H])c([H])c1C1([H])*C(=O)*C(C([H])([H])[H])=C1C(=O)OC([H])([H])C([H])([H])[H],[7*]S(=O)(=O)c1c([H])c([H])c([H])c2c([H])c([H])c([H])nc12,
202,*C1=C(c2c([H])c([H])c([H])c([H])c2[H])*c2c([H])c([H])c([H])c3c([H])c([H])c([H])c1c23,[8*]c1c([H])c([H])c([H])c([H])c1[H],
203,*C(*)([H])C([H])([H])c1c([H])c([H])c([H])c([H])c1[H],[3*]C([H])([H])[H],
204,*c1c([H])c2c3c(c1[H])-*1c4c([H])c([H])c(C(C([H])([H])[H])(C([H])([H])[H])C([H])([H])[H])c([H])c4c4c([H])c(C(C([H])([H])[H])(C([H])([H])[H])C([H])([H])[H])c([H])c(c14)*3c1c([H])c(C([H])([H])[H])c([H])c([H])c1*2,[25*]C(C([H])([H])[H])(C([H])([H])[H])C([H])([H])[H],
205,*C([H])([H])C(*)([H])C([H])([H])c1c([H])c([H])c([H])c2c([H])c([H])c([H])c([H])c12,[6*]C([H])([H])c1c2c([H])c([H])c([H])c([H])c2c([H])c2c([H])c([H])c([H])c([H])c12,
206,*C1([H])**c2c([H])c([H])c([H])c([H])c21,[11*]C([H])([H])C#C[H],
207,*C1([H])C([H])([H])*c2c([H])c(C(F)(F)F)c([H])c([H])c2C1([H])[H],[25*]O[H],
208,*C([H])=C(*)C([H])([H])C([H])=C([H])c1c([H])c([H])c([H])c([H])c1[H],[2*]c1c([H])c([H])c(C(F)(F)F)c([H])c1[H],
209,*C([H])(c1c([H])c([H])c([H])c([H])c1[H])C1(*)C([H])([H])C1([H])[H],[22*]O[H],
210,[H]c1c([H])c([H])c2c(c1[H])Sc1c([H])c([H])c([H])c3c1B2c1c([H])c(C(C([H])([H])[H])(C([H])([H])[H])C([H])([H])[H])c([H])c2c4c([H])c(C(C([H])([H])[H])(C([H])([H])[H])C([H])([H])[H])c([H])c([H])c4n-3c12,[4*]C([H])([H])C([H])([H])C([H])([H])C([H])([H])[H],
211,*c1c([H])*c2c([H])c([H])c([H])c(F)c12,[27*]c1c(C(F)(F)F)c([H])c(C(F)(F)F)c([H])c1C(F)(F)F,
212,[H]c1c([H])c([H])c2c(c1[H])Oc1c([H])c([H])c([H])c([H])c1C21c2c([H])c([H])c([H])c([H])c2-c2c([H])c([H])c([H])c(-c3c([H])c4c5c(c3[H])-n3c6c([H])c([H])c(C(C([H])([H])[H])(C([H])([H])[H])C([H])([H])[H])c([H])c6c6c([H])c(C(C([H])([H])[H])(C([H])([H])[H])C([H])([H])[H])c([H])c(c63)B5c3c([H])c(C(C([H])([H])[H])(C([H])([H])[H])C([H])([H])[H])c([H])c5c6c([H])c(C(C([H])([H])[H])(C([H])([H])[H])C([H])([H])[H])c([H])c([H])c6n-4c35)c21,[18*]c1c(C(F)(F)F)c([H])c(C(F)(F)F)c([H])c1C(F)(F)F,
213,[H]C1([H])**C(=O)C(C([H])([H])[H])(C([H])([H])[H])C(=O)*1,[10*]C([H])([H])c1c(C([H])([H])[H])c([H])c(C([H])([H])[H])c([H])c1C([H])([H])[H],
214,*c1c([H])*c(C(F)(F)F)c([H])c1[H],[6*]c1c(C([H])(C([H])([H])[H])C([H])([H])[H])c([H])c([H])c([H])c1C([H])(C([H])([H])[H])C([H])([H])[H],
215,*C(=O)*C1([H])C([H])([H])C([H])([H])C([H])([H])C([H])([H])C([H])([H])C([H])([H])C1(*)c1c([H])c([H])c([H])c([H])c1[H],[9*]C(=O)C(C([H])([H])[H])(C([H])([H])[H])C([H])([H])[H],
216,*c1c([H])c([H])c([H])c2c([H])c([H])*c12,[17*][H],
217,**C(=*)P(c1c(C([H])([H])[H])c([H])c(C([H])([H])[H])c([H])c1C([H])([H])[H])c1c(C([H])([H])[H])c([H])c(C([H])([H])[H])c([H])c1C([H])([H])[H],[18*]c1c(C([H])([H])[H])c([H])c([H])c([H])c1C([H])([H])[H],
218,*C1([H])C([H])([H])*C([H])([H])C([H])([H])C1([H])C(C([H])([H])[H])(C([H])([H])[H])C([H])([H])[H],[8*]S(=O)(=O)c1c([H])c([H])c(C([H])([H])[H])c([H])c1[H],
219,*C1([H])O*c2c(C([H])=O)c([H])c([H])c([H])c21,[15*]c1c([H])c([H])c([H])c([H])c1[H],
220,*c1c([H])*c(Br)c([H])c1[H],[21*]O[H],
221,*c1c([H])c([H])c([H])c2c1Oc1c([H])c([H])c([H])c3c1*2c1c([H])c([H])c([H])c(*)c1O3,[30*]c1c(C([H])([H])[H])c([H])c([H])c([H])c1C([H])([H])[H],
222,*c1c([H])*c(OC([H])([H])c2c([H])c([H])c([H])c([H])c2[H])*c1[H],[19*]c1c(C([H])([H])[H])c([H])c([H])c([H])c1C([H])([H])[H],
223,*C1([H])C(*)([H])C([H])([H])C1([H])[H],[21*]c1c(C([H])(C([H])([H])[H])C([H])([H])[H])c([H])c([H])c([H])c1C([H])(C([H])([H])[H])C([H])([H])[H],
224,[H]C1([H])**2C([H])(*C([H])([H])C1([H])[H])C1([H])C([H])([H])C([H])([H])C([H])([H])C2([H])C([H])([H])C([H])([H])C1([H])[H],[4*]S(=O)C(C([H])([H])[H])(C([H])([H])[H])C([H])([H])[H],
225,[H]c1c([H])c([H])c2c(c1[H])Sc1c([H])c([H])c([H])c3c1N2c1c([H])c([H])c([H])c2c1B3c1c([H])c([H])c([H])c3c1N2c1c([H])c([H])c([H])c([H])c1C3(C([H])([H])[H])C([H])([H])[H],[1*]C([H])([H])[H],
226,*C1(c2c([H])c([H])c([H])c([H])c2[H])*c2c([H])c([H])c([H])c([H])c2C1([H])C([H])(C#C[H])c1c([H])c([H])c([H])c([H])c1[H],[6*]S(=O)C(C([H])([H])[H])(C([H])([H])[H])C([H])([H])[H],
227,[H]C([H])([H])C([H])([H])C1([H])*C([H])([H])C([H])(C([H])([H])[H])*1,[28*]C(C([H])([H])[H])(C([H])([H])[H])C([H])([H])[H],
228,[H]c1c([H])c([H])c2c(c1[H])-c1c([H])c([H])c([H])c(-c3c([H])c4c5c(c3[H])-n3c6c([H])c([H])c(C(C([H])([H])[H])(C([H])([H])[H])C([H])([H])[H])c([H])c6c6c([H])c(C(C([H])([H])[H])(C([H])([H])[H])C([H])([H])[H])c([H])c(c63)B5c3c([H])c(C(C([H])([H])[H])(C([H])([H])[H])C([H])([H])[H])c([H])c5c6c([H])c(C(C([H])([H])[H])(C([H])([H])[H])C([H])([H])[H])c([H])c([H])c6n-4c35)c1C21c2c([H])c([H])c([H])c([H])c2C([H])([H])c2c([H])c([H])c([H])c([H])c21,[9*]C([H])([H])c1c([H])c([H])c([H])c([H])c1Cl,
229,*C([H])([H])C(*)([H])[H],[14*]c1c([H])c([H])c([H])c([H])c1[H],
230,[H]C1=C(c2*c(-c3c([H])c([H])c([H])c([H])c3[H])c([H])c2[H])**C(c2c([H])c([H])c([H])c([H])c2[H])=C1[H],[9*]P(=O)(c1c([H])c([H])c([H])c([H])c1C([H])([H])[H])c1c([H])c([H])c([H])c([H])c1C([H])([H])[H],
231,[H]C1=C([H])*C2([H])*(*1)C1([H])C([H])([H])C([H])([H])C([H])([H])C2([H])C([H])([H])C([H])([H])C1([H])[H],[24*]c1c([H])c([H])c(C(C([H])([H])[H])(C([H])([H])[H])C([H])([H])[H])c([H])c1[H],
232,[H]Oc1c([H])c2c(c([H])c1Cl)C1(OC(=O)c3c([H])c([H])c([H])c([H])c31)c1c([H])c(Cl)c3c(c1O2)C([H])([H])*C([H])([H])c1c([H])c([H])c([H])c([H])c1*O3,[10*]c1c(F)c([H])c([H])c([H])c1F,
233,[H]c1*c2c([H])c([H])c([H])c3c2c1*1c2c(c([H])c([H])c(C([H])([H])[H])c2-3)-c2c([H])c([H])c([H])c3c([H])c([H])c([H])c1c23,[3*]c1c(F)c(F)c(F)c(F)c1F,
234,*c1c([*+])c([H])c(*)c([H])c1[H],[10*]C([H])([H])c1c([H])c([H])c([H])c2c([H])c([H])c([H])c([H])c12,
235,*C1([H])C([H])([H])*c2c([H])c([H])c([H])c([H])c2C1([H])C([H])([H])[H],*[H],
236,*c1c([H])c2c3c(c([H])c([H])c4c3c1C(=O)*C4=O)C(=O)*C2=O,[11*]C([H])(C([H])([H])[H])C([H])([H])[H],
237,[H]c1c([H])c([H])c2c(c1[H])c1c([H])c3c4c(c1c1c2c([H])c2c5c([H])c([H])c([H])c([H])c5n5c6c([H])c([H])c([H])c([H])c6c1c25)-n1c2c([H])c([H])c(C(C([H])([H])[H])(C([H])([H])[H])C([H])([H])[H])c([H])c2c2c([H])c(C(C([H])([H])[H])(C([H])([H])[H])C([H])([H])[H])c([H])c(c21)B4c1c([H])c(C(C([H])([H])[H])(C([H])([H])[H])C([H])([H])[H])c([H])c2c4c([H])c(C(C([H])([H])[H])(C([H])([H])[H])C([H])([H])[H])c([H])c([H])c4n-3c12,[17*]C([H])([H])c1c([H])c([H])c([H])c([H])c1[H],
238,*c1c([H])*:*(S(*)(=O)=O)c1[H],[16*]c1c(C([H])(C([H])([H])[H])C([H])([H])[H])c([H])c([H])c([H])c1C([H])(C([H])([H])[H])C([H])([H])[H],
239,*c1c([H])*c2c(C([H])([H])[H])c([H])c([H])c([H])c12,[30*][H],
240,*c1c(*)c([H])c([H])c(*)c1[H],[18*]c1c(C([H])(C([H])([H])[H])C([H])([H])[H])c([H])c(C([H])(C([H])([H])[H])C([H])([H])[H])c([H])c1C([H])(C([H])([H])[H])C([H])([H])[H],
241,*C([H])([H])C(*)([H])c1c([H])c([H])c([H])c([H])c1[H],[16*]C([H])(C([H])([H])[H])C([H])([H])[H],
242,[H]c1c([H])c2c3c(c1[H])-n1c4c([H])c(-c5c([H])c([H])c(C(C([H])([H])[H])(C([H])([H])[H])C([H])([H])[H])c([H])c5[H])c([H])c([H])c4c4c([H])c([H])c(-c5c([H])c([H])c(C(C([H])([H])[H])(C([H])([H])[H])C([H])([H])[H])c([H])c5[H])c(c41)B3c1c(-c3c([H])c([H])c(C(C([H])([H])[H])(C([H])([H])[H])C([H])([H])[H])c([H])c3[H])c([H])c([H])c3c4c([H])c([H])c(-c5c([H])c([H])c(C(C([H])([H])[H])(C([H])([H])[H])C([H])([H])[H])c([H])c5[H])c([H])c4n-2c13,[16*]Cl,
243,*C(*)([H])C([H])([H])C([H])(C([H])([H])[H])C([H])([H])[H],[13*]c1c([H])c([H])c([H])c(Cl)c1Cl,
244,[H]c1c([H])c([H])c2c(c1[H])C(=O)c1c([H])c([H])c([H])c([H])c1C21c2c([H])c([H])c([H])c([H])c2-c2c([H])c([H])c([H])c(-c3c([H])c4c5c(c3[H])-n3c6c([H])c([H])c(C(C([H])([H])[H])(C([H])([H])[H])C([H])([H])[H])c([H])c6c6c([H])c(C(C([H])([H])[H])(C([H])([H])[H])C([H])([H])[H])c([H])c(c63)B5c3c([H])c(C(C([H])([H])[H])(C([H])([H])[H])C([H])([H])[H])c([H])c5c6c([H])c(C(C([H])([H])[H])(C([H])([H])[H])C([H])([H])[H])c([H])c([H])c6n-4c35)c21,[9*][O-],
245,*C([H])=C(*)C([H])([H])C([H])=C([H])C(=C([H])[H])C([H])([H])[H],[14*]C(=O)c1c([H])c(Cl)c(Cl)c(Cl)c1Cl,
246,*c1c([H])*c(OC([H])([H])[H])c(S(*)(=O)=O)c1[H],[29*]=O,
247,*c1c([H])c2c3c(c1[H])-*1c4c([H])c([H])c(C(C([H])([H])[H])(C([H])([H])[H])C([H])([H])[H])c([H])c4c4c([H])c(C(C([H])([H])[H])(C([H])([H])[H])C([H])([H])[H])c([H])c(c14)*3c1c([H])c(C(C([H])([H])[H])(C([H])([H])[H])C([H])([H])[H])c([H])c([H])c1O2,[29*][O-],
248,*C1([H])C(C(C([H])([H])[H])(C([H])([H])[H])C([H])([H])[H])=C([H])C([H])([H])*2C(=O)c3c([H])c([H])c([H])c([H])c3C21[H],[18*][O-],
249,[H]c1nc(-c2c([H])c3c4c(c2[H])-n2c5c([H])c([H])c(C(C([H])([H])[H])(C([H])([H])[H])C([H])([H])[H])c([H])c5c5c([H])c(C(C([H])([H])[H])(C([H])([H])[H])C([H])([H])[H])c([H])c(c52)B4c2c([H])c(C(C([H])([H])[H])(C([H])([H])[H])C([H])([H])[H])c([H])c4c5c([H])c(C(C([H])([H])[H])(C([H])([H])[H])C([H])([H])[H])c([H])c([H])c5n-3c24)c([H])c([H])c1[H],[2*]C([H])([H])C([H])([H])[H],
250,[H]c1c([H])c(C([H])(C([H])([H])[H])C([H])([H])[H])c2c(c1[H])C([H])(C([H])([H])[H])C([H])([H])*C1([H])*2C(C([H])([H])[H])(C([H])([H])[H])C([H])([H])C1(C([H])([H])[H])C([H])([H])[H],[4*]C(C([H])([H])[H])(C([H])([H])[H])C([H])([H])[H],
251,[H]c1c([H])c([H])c2c(c1[H])**1:*-2c(=O)*c1=O,[53*]c1c([H])c([H])c(C(C([H])([H])[H])(C([H])([H])[H])C([H])([H])[H])c([H])c1[H],
252,*c1c([H])c([*+])c(C2([H])C(C(=O)OC([H])([H])[H])=C(C([H])([H])[H])*C(C([H])([H])[H])=C2C(=O)OC([H])([H])[H])c([H])c1[H],[10*]c1c([H])c([H])c(Br)c([H])c1[H],
253,[H]c1c([H])c2c3c(c1[H])-n1c4c([H])c([H])c([H])c([H])c4c(=O)c4c([H])c([H])c([H])c(c41)B3c1c([H])c([H])c([H])c3c(=O)c4c([H])c([H])c([H])c([H])c4n-2c13,[4*]C(=O)OC([H])([H])[H],
254,*C1([H])C([H])([H])c2c([H])c([H])c([H])c([H])c2*C1([H])c1c([H])c([H])c([H])c2c([H])c([H])c([H])c([H])c12,[16*]c1c(C(C([H])([H])[H])(C([H])([H])[H])C([H])([H])[H])c([H])c(C(C([H])([H])[H])(C([H])([H])[H])C([H])([H])[H])c([H])c1C(C([H])([H])[H])(C([H])([H])[H])C([H])([H])[H],
255,*C1(C([H])([H])c2c([H])c([H])c([H])c([H])c2[H])*c2c([H])c([H])c([H])c([H])c2C1(C([H])([H])[H])C([H])([H])C([H])=C([H])[H],[15*]=C([H])c1c2c([H])c([H])c([H])c([H])c2c([H])c2c([H])c([H])c([H])c([H])c12,
256,[H]c1c([H])c([H])c(C23**C([H])(*2)C2([H])C(=O)*C(=O)C32[H])c([H])c1[H],[5*][H],
257,*c1c(-*)c([H])c([H])c([H])c1[H],[14*][H],
258,*c1c([H])*c(Cl)c(Cl)c1[H],[15*]c1c(C(C([H])([H])[H])(C([H])([H])[H])C([H])([H])[H])c([H])c(C(C([H])([H])[H])(C([H])([H])[H])C([H])([H])[H])c([H])c1C(C([H])([H])[H])(C([H])([H])[H])C([H])([H])[H],
259,**(c1*c([H])c([H])c1[H])c1*c([H])c([H])c1[H],[18*]c1c([H])c([H])c([H])c([H])c1[H],
260,*c1c(-c2c([H])c([H])c(F)c([H])c2[H])c(*)c2c([H])c([H])c([H])c([H])c2c1[H],[13*]C(=O)c1c([H])c([H])c([H])c([H])c1[H],
261,*c1c([H])c(-*)c(P(=O)(C([H])(C([H])([H])[H])C([H])([H])[H])C([H])(C([H])([H])[H])C([H])([H])[H])c([H])c1[H],[9*]c1c(C([H])([H])[H])c([H])c([H])c([H])c1C([H])([H])[H],
262,[H]c1c([H])c([H])c2c(c1[H])[Se]c1c([H])c([H])c([H])c3c1N2c1c([H])c([H])c([H])c2c1B3c1c([H])c([H])c([H])c3c1N2c1c([H])c([H])c([H])c([H])c1[Se]3,[10*]c1c(C(F)(F)F)c([H])c(C(F)(F)F)c([H])c1C(F)(F)F,
263,*C(=O)C(*)([H])C(*)([H])[H],[5*]c1c([H])c([H])c([H])c([H])c1[H],
264,*c1c(-c2c([H])c([H])c([H])c3c([H])c([H])c([H])c([H])c23)c(*)c2c([H])c([H])c([H])c([H])c2c1O[Si](C([H])([H])[H])(C([H])([H])[H])C(C([H])([H])[H])(C([H])([H])[H])C([H])([H])[H],[19*]S(=O)(=O)c1c([H])c([H])c([H])c([H])c1[H],
265,*c1c([H])c2c3c(c1[H])*1c4c([H])c([H])c([H])c([H])c4C([H])([H])C([H])([H])c4c([H])c([H])c([H])c(c41)*3c1c([H])c([H])c([H])c3c1*2c1c([H])c([H])c([H])c([H])c1C([H])([H])C3([H])[H],[5*]Oc1c([H])c([H])c([H])c([H])c1[H],
266,*c1c2*3c(c1[H])-c1c([H])c([H])c([H])c([H])c1C3([H])C([H])([H])C([H])=C2[H],[6*]c1c([H])c([H])c(OC([H])([H])[H])c([H])c1C([H])([H])[H],
267,*c1c([H])c(*)c([H])c(-c2c([H])c([H])c3c(c2[H])Sc2c([H])c([H])c([H])c([H])c2*3)c1[H],[18*]c1c(F)c(F)c(F)c(F)c1F,
268,*=C1***1,[10*]O[H],
269,*c1c([H])c([H])c(-c2c([H])c([H])c([H])c3c([H])c([H])c([H])c(-c4c([H])c5c6c(c4[H])-*4c7c([H])c([H])c(C(C([H])([H])[H])(C([H])([H])[H])C([H])([H])[H])c([H])c7c7c([H])c(C(C([H])([H])[H])(C([H])([H])[H])C([H])([H])[H])c([H])c(c47)*6c4c([H])c(C(C([H])([H])[H])(C([H])([H])[H])C([H])([H])[H])c([H])c6c4*-5c4c([H])c([H])c(C(C([H])([H])[H])(C([H])([H])[H])C([H])([H])[H])c([H])c46)c23)c([H])c1[H],[7*]C(=O)C(C([H])([H])[H])(C([H])([H])[H])C([H])([H])[H],
270,[H]c1c([H])c([H])c(C2=**C([H])(C3([H])C([H])([H])C([H])([H])C([H])([H])C([H])([H])C3([H])[H])*2)c([H])c1[H],[11*]c1c(C([H])([H])[H])c([H])c([H])c([H])c1C([H])([H])[H],
271,*c1c([H])c([H])c(C2=C([H])*C([H])=C([H])*2)c([H])c1[H],[5*]C(=O)C(C([H])([H])[H])(C([H])([H])[H])C([H])([H])[H],
272,*C(=O)C(*)([H])C([H])([H])[H],[8*]c1c([H])c([H])c(-c2c([H])c([H])c([H])c([H])c2[H])c([H])c1[H],
273,[H]c1c([H])c([H])c2c(c1[H])*O*C2=O,[12*]c1c(C([H])([H])[H])c([H])c(C([H])([H])[H])c([H])c1C([H])([H])[H],
274,*c1c([H])c([H])c([H])c2*c([H])c([Si]([H])(C([H])([H])[H])C([H])([H])[H])c12,[12*]c1c(C([H])([H])[H])c([H])c([H])c([H])c1C([H])([H])[H],
275,*C([H])=C(*)C([H])([H])C(=C([H])[Si](c1c([H])c([H])c([H])c([H])c1[H])(C([H])([H])[H])C([H])([H])[H])C1([H])C([H])([H])C1([H])[H],[8*]C([H])(C(=O)OC([H])([H])[H])C([H])(C([H])([H])[H])C([H])([H])[H],
276,[H]C1=C([H])*C(c2c([H])c([H])c([H])c([H])c2[H])=C([H])*1,[3*][H],
277,*c1c([H])c([H])c([H])c2c1C(=O)*C2=O,[16*]C(C([H])([H])[H])(C([H])([H])[H])C([H])([H])[H],
278,[H]c1c(-c2c(C([H])([H])[H])c([H])c(C([H])([H])[H])c([H])c2C([H])([H])[H])c([H])c2c3c1-n1c4c([H])c([H])c(C(C([H])([H])[H])(C([H])([H])[H])C([H])([H])[H])c([H])c4c4c([H])c(C(C([H])([H])[H])(C([H])([H])[H])C([H])([H])[H])c([H])c(c41)B3c1c([H])c(C(C([H])([H])[H])(C([H])([H])[H])C([H])([H])[H])c([H])c3c4c([H])c(C(C([H])([H])[H])(C([H])([H])[H])C([H])([H])[H])c([H])c([H])c4n-2c13,[14*]O[H],
279,[H]c1c([H])c([H])c(C2([H])*C([H])([H])c3c([H])c([H])c([H])c([H])c3*OC2([H])[H])c([H])c1[H],[3*]c1c([H])c([H])c([H])c([H])c1[H],
280,*C1(c2c([H])c([H])c(C([H])([H])[H])c([H])c2[H])*C(C([H])([H])[H])(C([H])([H])[H])C([H])([H])C1(C([H])([H])[H])C([H])([H])[H],[16*]=O,
281,[H]c1c([H])c([H])c2c(c1[H])**C(=O)*2,[21*][O-],
282,[H]c1c([H])c([H])c2c(c1[H])**C2([H])C(C([H])([H])[H])(C([H])([H])[H])C([H])([H])[H],[5*]Cl,
283,[H]C1=C(c2c([H])c([H])c(OC([H])([H])[H])c([H])c2[H])*C([H])(C([H])=C([H])c2c([H])c([H])c(OC([H])([H])[H])c([H])c2[H])*1,[9*]c1c([H])c([H])c([H])c([H])c1C([H])(C([H])([H])[H])C([H])([H])[H],
284,*C1([H])C(=C([H])C([H])([H])C([H])([H])[Si](C([H])([H])[H])(C([H])([H])[H])C([H])([H])[H])**C1([H])C([H])([H])C([H])([H])[Si](C([H])([H])[H])(C([H])([H])[H])C([H])([H])[H],[10*]c1c([H])c([H])c(C(C([H])([H])[H])(C([H])([H])[H])C([H])([H])[H])c([H])c1[H],
285,[H]c1c([H])c([H])c(C2(c3c([H])c([H])c([H])c([H])c3[H])c3c([H])c(-c4c([H])c5c6c(c4[H])-n4c7c([H])c([H])c(C(C([H])([H])[H])(C([H])([H])[H])C([H])([H])[H])c([H])c7c7c([H])c(C(C([H])([H])[H])(C([H])([H])[H])C([H])([H])[H])c([H])c(c74)B6c4c([H])c(C(C([H])([H])[H])(C([H])([H])[H])C([H])([H])[H])c([H])c6c7c([H])c(C(C([H])([H])[H])(C([H])([H])[H])C([H])([H])[H])c([H])c([H])c7n-5c46)c([H])c([H])c3-n3c4c([H])c([H])c([H])c([H])c4c4c([H])c([H])c([H])c2c43)c([H])c1[H],[9*]C([H])([H])c1c([H])c([H])c([H])c([H])c1[H],
286,*c1c([H])c2c3c(c1[H])-*1c4c([H])c([H])c([H])c([H])c4c4c([H])c([H])c([H])c(c14)*3c1c([H])c([H])c([H])c3c1*-2c1c([H])c([H])c([H])c([H])c13,[8*]O[H],
287,*c1c([H])*c2c([H])c([H])c(Br)c([H])c12,[13*]c1c(F)c(F)c(F)c(F)c1F,
288,*-c1c([H])c([H])c2c(c1[H])*c1c([H])c(-*)c([H])c([H])c1*2,[7*]c1c(C([H])([H])[H])c([H])c(OC([H])([H])[H])c([H])c1C([H])([H])[H],
289,*C(=O)*C1([H])C([H])([H])C([H])([H])C([H])([H])C([H])([H])C1(*)c1c([H])c([H])c(Cl)c([H])c1[H],[4*]c1c([H])c([H])c([H])c([H])c1P(c1c([H])c([H])c([H])c([H])c1[H])c1c([H])c([H])c([H])c([H])c1[H],
290,[H]c1c2c3c(c([H])c1C(C([H])([H])[H])(C([H])([H])[H])C([H])([H])[H])*c1c(c([H])c4c([H])c([H])c5c([H])c([H])c([H])c([H])c5c4c1[H])*3c1c(c([H])c3c(c1[H])c([H])c([H])c1c([H])c([H])c([H])c([H])c13)*2,[13*]C([H])(c1c([H])c([H])c([H])c([H])c1[H])c1c([H])c([H])c([H])c([H])c1[H],
291,[H]c1c([H])c([H])c2c(c1[H])**(c1c(C([H])([H])[H])c([H])c3oc(=O)*c3c1C([H])([H])[H])c1c-2c([H])c(C([H])([H])[H])c([H])c1C([H])([H])[H],[1*]c1c([H])c([H])c([H])c([H])c1[H],
292,[H]C1=C(c2c([H])c([H])c([H])c([H])c2[H])*C([H])(C([H])=C([H])c2c([H])c([H])c([H])c([H])c2[H])*1,[2*]c1c([H])c([H])c([H])c([H])c1[H],
293,*C(*)=*c1c(*)c([H])c([H])c([H])c1[H],[17*]=O,
294,[H]c1c([H])c([H])c2c(c1[H])*c1c([H])c(C([H])([H])[H])c([H])c3c1*2c1c([H])c2c(c([H])c1*3)C1(c3c([H])c([H])c([H])c([H])c3-2)C2([H])C([H])([H])C3([H])C([H])([H])C([H])(C2([H])[H])C([H])([H])C1([H])C3([H])[H],[15*]c1c([H])c([H])c(Cl)c([H])c1[H],
295,*C(=C([H])[H])C1([H])*C([H])(C([H])([H])C([H])([H])[H])c2c([H])c([H])c([H])c([H])c21,[50*]c1c([H])c([H])c(C(C([H])([H])[H])(C([H])([H])[H])C([H])([H])[H])c([H])c1[H],
296,**(*)C1([H])*C(C([H])([H])[H])(C([H])([H])[H])C([H])([H])C12C([H])([H])C([H])([H])C([H])([H])C([H])([H])C2([H])[H],[1*]O[H],
297,*-c1c(*)c(C([H])([H])[H])c([H])c([H])c1[H],[10*]c1c([H])c([H])c([H])c([H])c1[H],
298,[H]c1c(F)c([H])c2c(*c3c([H])c4c(c([H])c32)*c2c(c([H])c3*c5c([H])c([H])c(F)c([H])c5c3c2[H])*4)c1[H],[3*]C(=O)C([H])([H])[H],
299,*c1*c([H])c([H])*1,[34*]c1c(C([H])([H])[H])c([H])c(C([H])([H])[H])c([H])c1C([H])([H])[H],
300,*C(*)=C([H])c1c([H])c([H])c([H])c([H])c1[H],[11*][H],
301,[H]c1c([H])c(C([H])([H])[H])c([H])c([H])c1C1=*O**1,[15*]C([H])([H])[H],
302,*C([H])(C([H])([H])[H])C1(c2c([H])c([H])c([H])c([H])c2[H])*S(=O)(=O)c2c([H])c([H])c([H])c([H])c21,[16*]C(=O)OC([H])([H])c1c([H])c([H])c([H])c([H])c1[H],
303,*c1c(OC([H])([H])C([H])([H])[H])*c([H])c([H])c1[H],[25*]=O,
304,[H]c1*2c([H])c(*3*C(c4c([H])c([H])c([H])c([H])c4[H])=*O3)c([H])c2c([H])c([H])c1[H],[17*][O-],
305,[H]c1c([H])c([H])c(C2(c3c([H])c([H])c([H])c([H])c3[H])c3c([H])c([H])c([H])c([H])c3N3c4c([H])c([H])c([H])c5c4B(c4c([H])c(C(C([H])([H])[H])(C([H])([H])[H])C([H])([H])[H])c([H])c([H])c4O5)c4c([H])c([H])c([H])c2c43)c([H])c1[H],[1*]C1([H])C([H])([H])C([H])([H])C([H])([H])C([H])([H])C1([H])[H],
306,*C1([H])*C(=O)C(C([H])([H])[H])(C([H])([H])[H])C(=O)*1,[12*]c1c([H])c([H])c(C(F)(F)F)c([H])c1[H],
307,[H]c1c(-c2c([H])c([H])c([H])c3c2oc2c([H])c([H])c([H])c([H])c23)c([H])c2c3c1-n1c4c([H])c([H])c(C(C([H])([H])[H])(C([H])([H])[H])C([H])([H])[H])c([H])c4c4c([H])c(C(C([H])([H])[H])(C([H])([H])[H])C([H])([H])[H])c([H])c(c41)B3c1c([H])c(C(C([H])([H])[H])(C([H])([H])[H])C([H])([H])[H])c([H])c3c4c([H])c(C(C([H])([H])[H])(C([H])([H])[H])C([H])([H])[H])c([H])c([H])c4n-2c13,[9*]O[H],
308,*C([H])(c1c([H])c([H])c([H])c([H])c1[H])C(*)([H])[Si](C([H])([H])[H])(C([H])([H])[H])C([H])([H])[H],[16*]C([H])([H])c1c([H])c([H])c([H])c([H])c1[H],
309,[*+]c1c([H])c([H])c(-c2*c(C([H])([H])[H])c3c(c2*2*c4c([H])c([H])c([H])c([H])c4C([H])=C2[H])C([H])([H])OC3([H])[H])c([H])c1[H],[1*]Cl,
310,*c1c([H])c([H])c([H])c(O[H])c1C1([H])*C([H])([H])C([H])([H])S1,[7*]O[H],
311,**(*)C1=*C(C([H])([H])[H])(C([H])([H])[H])C([H])([H])C1(C([H])([H])[H])C([H])([H])[H],[7*]c1c([H])c([H])c([H])c([H])c1F,
312,[H]c1c([H])c([H])c2c(c1[H])*c1c([H])c([H])c3c4c1*2c1c([H])c([H])c([H])c([H])c1-c4c([H])c1c([H])c2c([H])c([H])c([H])c([H])c2c([H])c13,[6*]S(=O)(=O)c1c([H])c([H])c([H])c2c([H])c([H])c([H])nc12,
313,*c1c([H])*c(Cl)*c1[H],[10*]c1c([H])c([H])c2c(c1[H])C(C([H])([H])[H])(C([H])([H])[H])c1c([H])c([H])c([H])c([H])c1O2,
314,*C([H])([H])C1([H])*C([H])([H])C([H])([H])C1([H])[H],[7*]c1c(C([H])([H])[H])c([H])c(C([H])([H])[H])c([H])c1C([H])([H])[H],
315,*c1c([H])*c([H])*c1[H],[15*]c1c(C([H])(C([H])([H])[H])C([H])([H])[H])c([H])c(C([H])(C([H])([H])[H])C([H])([H])[H])c([H])c1C([H])(C([H])([H])[H])C([H])([H])[H],
316,[H]c1c([H])c([H])c2c(c1[H])*C([H])([H])C1=C2c2c([H])c([H])c([H])c3c([H])c([H])c([H])c(c23)*1,[8*][H],
317,*C(=O)c1c(*)c([H])c([H])c([H])c1[H],[10*]c1c([H])c([H])c([H])c([H])c1C(C([H])([H])[H])(C([H])([H])[H])C([H])([H])[H],
318,*c1c([H])c([H])c2c([H])c([H])c([H])c(*)c2c1*,[16*]C(C([H])([H])[H])(C([H])([H])[H])C([H])([H])C(C([H])([H])[H])(C([H])([H])[H])C([H])([H])[H],
319,*C1(C([H])([H])c2c([H])c([H])c([H])c([H])c2[H])C([H])=C(c2c([H])c([H])c([H])c([H])c2[H])C([H])([H])*C1([H])[H],[16*]c1c(C([H])([H])[H])c([H])c(C([H])([H])[H])c([H])c1C([H])([H])[H],
320,[H]c1c([H])c([H])c2c(c1[H])*C(C(=O)OC([H])([H])[H])=C(C(=O)OC([H])([H])[H])*2,[12*]c1c([H])c([H])c([H])c([H])c1[H],
321,[H]c1c([H])c([H])c2c(c1[H])**C2([H])P(=O)(OC([H])([H])C([H])([H])[H])OC([H])([H])C([H])([H])[H],[31*]c1c(C([H])(C([H])([H])[H])C([H])([H])[H])c([H])c([H])c([H])c1C([H])(C([H])([H])[H])C([H])([H])[H],
322,[H]Oc1c([H])c([H])c2c(c1[H])C([H])=**(c1*c(OC([H])([H])[H])c([H])c([H])c1[H])*2,[26*]C(=O)OC([H])([H])c1c([H])c([H])c([H])c([H])c1[H],
323,[H]c1c([H])c2c3c(c1[H])-n1c4c([H])c([H])c(C(C([H])([H])[H])(C([H])([H])[H])C([H])([H])[H])c([H])c4c4c([H])c(C(C([H])([H])[H])(C([H])([H])[H])C([H])([H])[H])c([H])c(c41)B3c1c([H])c(C(C([H])([H])[H])(C([H])([H])[H])C([H])([H])[H])c([H])c(C(C([H])([H])[H])(C([H])([H])[H])C([H])([H])[H])c1O2,[15*]c1c(C(F)(F)F)c([H])c(C(F)(F)F)c([H])c1C(F)(F)F,
324,*C(=*)[H],[26*]c1c(C([H])([H])[H])c([H])c(C([H])([H])[H])c([H])c1C([H])([H])[H],
325,*C1=C(c2c([H])c([H])c([H])c([H])c2[H])C(C([H])([H])Cl)=C(c2c([H])c([H])c([H])c([H])c2[H])C([H])([H])*C1([H])[H],[19*]c1c([H])c([H])c([H])c([H])c1[H],
326,*c1c(-*)c([H])c(C(F)(F)F)c([H])c1[H],[7*]c1c([H])c([H])c(C([H])([H])[H])c([H])c1[H],
327,[H]c1c([H])c([H])c([Si](c2c([H])c([H])c([H])c([H])c2[H])(c2c([H])c([H])c([H])c([H])c2[H])c2c([H])c([H])c(-c3c([H])c4c5c(c3[H])-n3c6c([H])c([H])c(C(C([H])([H])[H])(C([H])([H])[H])C([H])([H])[H])c([H])c6c6c([H])c(C(C([H])([H])[H])(C([H])([H])[H])C([H])([H])[H])c([H])c(c63)B5c3c([H])c(C(C([H])([H])[H])(C([H])([H])[H])C([H])([H])[H])c([H])c5c6c([H])c(C(C([H])([H])[H])(C([H])([H])[H])C([H])([H])[H])c([H])c([H])c6n-4c35)c([H])c2[H])c([H])c1[H],[13*]S(=O)(=O)c1c([H])c([H])c([H])c2c([H])c([H])c([H])nc12,
328,*C(*)([H])C([H])(C([H])([H])[H])C([H])([H])[H],[12*]O[H],
329,*C([H])([H])C1([H])*C([H])([H])C(c2c([H])c([H])c([H])c([H])c2[H])(c2c([H])c([H])c([H])c([H])c2[H])C1([H])[H],[5*]C(=O)OC(C([H])([H])[H])(C([H])([H])[H])C([H])([H])c1c([H])c([H])c([H])c([H])c1[H],
330,*=C(*1*C(C([H])([H])[H])(C([H])([H])[H])C([H])([H])O1)c1c([H])c([H])c(OC([H])([H])[H])c([H])c1[H],[3*]S(=O)(=O)c1c([H])c([H])c(C([H])([H])[H])c([H])c1[H],
331,*c1c([H])*c2c(OC([H])([H])[H])c([H])c([H])c([H])c12,[11*]O[H],
332,*C([H])(c1c([H])c([H])c([H])c([H])c1[H])C(*)([H])C([H])([H])[H],[8*]c1c([H])c([H])c([H])c([H])c1OC([H])([H])[H],
333,*c1c([H])c(*)c(C([H])=C([H])c2*c(C([H])([H])[H])c([H])c([H])c2[H])c([H])c1[H],[1*][H],
334,[H]c1c([H])c(-c2c([H])c3c4c(c2[H])-n2c5c([H])c([H])c(C(C([H])([H])[H])(C([H])([H])[H])C([H])([H])[H])c([H])c5c5c([H])c(C(C([H])([H])[H])(C([H])([H])[H])C([H])([H])[H])c([H])c(c52)B4c2c([H])c(C(C([H])([H])[H])(C([H])([H])[H])C([H])([H])[H])c([H])c4c5c([H])c(C(C([H])([H])[H])(C([H])([H])[H])C([H])([H])[H])c([H])c([H])c5n-3c24)c([H])c([H])c1F,[9*]c1c(F)c(F)c(F)c(F)c1F,
335,*c1c([H])*c2c([H])c([H])c(C([H])([H])[H])c([H])c12,[55*]c1c([H])c([H])c([H])c([H])c1[H],
336,*C(*)([H])C1([H])C([H])([H])C([H])([H])C([H])([H])C([H])([H])C1([H])[H],[10*]C(=O)C([H])([H])C([H])([H])C([H])([H])C([H])([H])C([H])([H])C(=O)C([H])([H])[H],
337,[H]C([H])([H])C1([H])*C([H])([H])C([H])([H])C([H])([H])*C1([H])[H],[3*][Si](C([H])([H])[H])(C([H])([H])[H])C([H])([H])[H],
338,*c1c([H])*c(Cl)c(F)c1[H],[15*]C(=O)C(F)(F)F,
339,[H]c1c([H])c([H])c(C2(c3c([H])c([H])c([H])c([H])c3[H])c3c([H])c([H])c([H])c([H])c3N3c4c([H])c([H])c([H])c5c4B(c4c([H])c([H])c([H])c2c43)c2c([H])c([H])c([H])c3c2N5c2c([H])c([H])c([H])c([H])c2C3(c2c([H])c([H])c([H])c([H])c2[H])c2c([H])c([H])c([H])c([H])c2[H])c([H])c1[H],[13*]O[H],
340,*c1c([H])c(*)c([H])c(C(C([H])([H])[H])(C([H])([H])[H])C([H])([H])[H])c1[H],[13*]c1c([H])c([H])c(F)c([H])c1[H],
341,[H]c1c([H])c([H])c(C2(c3c([H])c([H])c([H])c([H])c3[H])c3c([H])c([H])c([H])c([H])c3N3c4c5c(c([H])c([H])c42)-n2c4c([H])c([H])c(C(C([H])([H])[H])(C([H])([H])[H])C([H])([H])[H])c([H])c4c4c([H])c(C(C([H])([H])[H])(C([H])([H])[H])C([H])([H])[H])c([H])c(c42)B5c2c3c([H])c3c(sc4c([H])c([H])c([H])c([H])c43)c2[H])c([H])c1[H],[11*]C([H])([H])c1c([H])c([H])c([H])c([H])c1[H],
342,*c1c([H])c2c3c(c1[H])*1c4c([H])c([H])c([H])c([H])c4S(=O)(=O)c4c([H])c([H])c([H])c(c41)*3c1c([H])c([H])c([H])c([H])c1*2,[8*]c1c(C(F)(F)F)c([H])c(C(F)(F)F)c([H])c1C(F)(F)F,
343,*c1c([H])c2c3c(c1[H])*c1c([H])c(-c4c([H])c([H])c([H])c([H])c4[H])c([H])c([H])c1*3c1c([H])c([H])c(-c3c([H])c([H])c([H])c([H])c3[H])c([H])c1*2,[15*]O[H],
344,*c1c([H])*c(OC([H])([H])[H])c([H])c1[H],[24*]c1c(C([H])([H])[H])c([H])c([H])c([H])c1C([H])([H])[H],
345,*C1([H])C([H])([H])C([H])([H])C2([H])*C1([H])C([H])([H])C2([H])[H],[18*][H],
346,[H]c1c([H])c([H])c(P2(=O)c3c([H])c([H])c([H])c([H])c3-c3c([H])c([H])c(-c4c([H])c5c6c(c4[H])-n4c7c([H])c([H])c(C(C([H])([H])[H])(C([H])([H])[H])C([H])([H])[H])c([H])c7c7c([H])c(C(C([H])([H])[H])(C([H])([H])[H])C([H])([H])[H])c([H])c(c74)B6c4c([H])c(C(C([H])([H])[H])(C([H])([H])[H])C([H])([H])[H])c([H])c6c7c([H])c(C(C([H])([H])[H])(C([H])([H])[H])C([H])([H])[H])c([H])c([H])c7n-5c46)c([H])c32)c([H])c1[H],[18*]C(=O)c1c([H])c([H])c([H])c([H])c1[H],
347,*c1c([H])c([*+])c([H])c([H])c1C(=O)OC([H])([H])[H],[5*]S(=O)(=O)C([H])([H])C([H])([H])[H],
348,[H]c1c([H])c([H])c2c(c1[H])*c1c([H])c([H])c([H])c3c1*2c1c([H])c([H])c([H])c2c1*3c1c([H])c([H])c([H])c([H])c1S2,[4*]P(C([H])(C([H])([H])[H])C([H])([H])[H])C([H])(C([H])([H])[H])C([H])([H])[H],
349,*C1([H])C([H])([H])O*C1([H])C(=O)c1c([H])c([H])c([H])c([H])c1[H],[18*]c1c(C([H])([H])[H])c([H])c(C([H])([H])[H])c([H])c1C([H])([H])[H],
350,*C(*)([H])c1c([H])c([H])c([H])c([H])c1[H],[11*]c1c(C([H])([H])[H])c(C([H])([H])[H])c([H])c(C([H])([H])[H])c1C([H])([H])[H],
351,*C(=O)C1([H])*C([H])(c2c(*)c([H])c([H])c([H])c2O[H])SC1([H])[H],[23*][H],
352,*c1c([H])*c(-*c2*c([H])c([H])c([H])c2c([H])c[H])c([H])c1[H],[25*][Si](c1c([H])c([H])c([H])c([H])c1[H])(C([H])([H])[H])C([H])([H])[H],
353,[H]c1c2c3c(c([H])c1S(=O)C([H])([H])[H])-n1c4c([H])c([H])c(C(C([H])([H])[H])(C([H])([H])[H])C([H])([H])[H])c([H])c4c4c([H])c(C(C([H])([H])[H])(C([H])([H])[H])C([H])([H])[H])c([H])c(c41)B3c1c([H])c(C(C([H])([H])[H])(C([H])([H])[H])C([H])([H])[H])c([H])c3c4c([H])c(C(C([H])([H])[H])(C([H])([H])[H])C([H])([H])[H])c([H])c([H])c4n-2c13,[13*]C([H])([H])c1c([H])c([H])c([H])c([H])c1[H],
354,[H]c1*2c(c([H])c1[H])**c1c([H])c([H])c([H])c([H])c1-2,[14*]c1c(C([H])(C([H])([H])[H])C([H])([H])[H])c([H])c([H])c([H])c1C([H])(C([H])([H])[H])C([H])([H])[H],
355,*c1*c([H])c(C2([H])*C([H])([H])C2(*)[H])c([H])c1[H],[10*]c1c(C([H])(C([H])([H])[H])C([H])([H])[H])c([H])c(C([H])(C([H])([H])[H])C([H])([H])[H])c([H])c1C([H])(C([H])([H])[H])C([H])([H])[H],
356,*c1c([H])c(*)c(C#*)c([H])c1[H],[23*]O[H],
357,*c1c(C(*)([H])[H])c([H])c([H])c([H])c1C(*)([H])[H],[29*]C(C([H])([H])[H])(C([H])([H])[H])C([H])([H])[H],
358,[H]c1c([H])c([H])c2c(c1[H])-c1c([H])c([H])c([H])c([H])c1C21c2c([H])c([H])c([H])c([H])c2-c2c1c([H])c1c3c2c2c([H])c([H])c([H])c([H])c2n3-c2c([H])c([H])c([H])c3c2B1c1c([H])c(C(C([H])([H])[H])(C([H])([H])[H])C([H])([H])[H])c([H])c2c4c([H])c(C(C([H])([H])[H])(C([H])([H])[H])C([H])([H])[H])c([H])c([H])c4n-3c12,[2*][H],
359,*c1c([H])c([H])c(C#*)c([H])c1C(*)([H])[H],[17*]c1c(C(F)(F)F)c([H])c(C(F)(F)F)c([H])c1C(F)(F)F,
360,*c1c([H])c2c3c(c1[H])*1c4c([H])c([H])c([H])c([H])c4Sc4c([H])c([H])c([H])c(c41)*3c1c([H])c([H])c([H])c([H])c1*2,[16*]F,
361,[H]C1([H])*SC(=S)*1,[8*]C([H])(C([H])([H])[H])C([H])([H])[H],
362,[H]c1c([H])c([H])c2c(c(C([H])([H])C([H])([H])C([H])([H])C([H])([H])[H])nc3c4c5c(c([H])c32)-n2c3c([H])c([H])c(C(C([H])([H])[H])(C([H])([H])[H])C([H])([H])[H])c([H])c3c3c([H])c(C(C([H])([H])[H])(C([H])([H])[H])C([H])([H])[H])c([H])c(c32)B5c2c([H])c(C(C([H])([H])[H])(C([H])([H])[H])C([H])([H])[H])c([H])c3c5c([H])c(C(C([H])([H])[H])(C([H])([H])[H])C([H])([H])[H])c([H])c([H])c5n-4c23)c1[H],[6*]C([H])(C([H])([H])C([H])([H])[H])C([H])([H])C([H])([H])C([H])([H])[H],
363,[H]C1=C(C([H])([H])[H])*C(C([H])([H])[H])=C([H])*1,[2*]C(=C([H])C(=O)c1c([H])c([H])c([H])c([H])c1[H])C([H])([H])[H],
364,*c1c([H])c([H])c([H])c([H])c1*c1c(*)c([H])c([H])c([H])c1[H],[17*]O[H],
365,[H]c1c([H])c2c3c(c1[H])N1c4c([H])c([H])c([H])c([H])c4C(C([H])([H])[H])(C([H])([H])[H])c4c([H])c([H])c([H])c(c41)B3c1c([H])c(C(C([H])([H])[H])(C([H])([H])[H])C([H])([H])[H])c([H])c([H])c1O2,[9*]C([H])(c1c([H])c([H])c([H])c([H])c1[H])C([H])([H])[H],
366,[H]c1c([H])c([H])c2c(c1[H])Sc1c([H])c([H])c([H])c3c1N2c1c([H])c([H])c([H])c2c1B3c1c([H])c([H])c([H])c3c1N2c1c([H])c([H])c([H])c([H])c1[Se]3,[15*]c1c(C([H])(C([H])([H])[H])C([H])([H])[H])c([H])c([H])c([H])c1C([H])(C([H])([H])[H])C([H])([H])[H],
367,[H]c1c([H])c2c3c(c1Br)-n1c4c([H])c([H])c(C(C([H])([H])[H])(C([H])([H])[H])C([H])([H])[H])c([H])c4c4c([H])c(C(C([H])([H])[H])(C([H])([H])[H])C([H])([H])[H])c([H])c(c41)B3c1c([H])c(C(C([H])([H])[H])(C([H])([H])[H])C([H])([H])[H])c([H])c3c4c([H])c(C(C([H])([H])[H])(C([H])([H])[H])C([H])([H])[H])c([H])c([H])c4n-2c13,[9*]c1c(C([H])([H])[H])c([H])c(C([H])([H])[H])c([H])c1C([H])([H])[H],
368,[H]c1*c([H])c(C2=*O**2)c([H])c1[H],[22*]c1c([H])c([H])c([H])c([H])c1[H],
369,*C1([H])O*c2c([H])c([H])c([H])c([H])c21,[13*]Cl,
370,*c1c([H])c([H])c([H])c([H])c1C(*)([H])C([H])([H])[H],[27*]C(C([H])([H])[H])(C([H])([H])[H])C([H])([H])[H],
371,[H]c1c2c3c(c([H])c1C(C([H])([H])[H])(C([H])([H])[H])C([H])([H])[H])*c1c(C([H])([H])[H])c([H])c4c([H])c([H])c5c([H])c([H])c([H])c([H])c5c4c1*3c1c(c([H])c([H])c3c([H])c([H])c([H])c([H])c13)*2,[2*]OC([H])([H])[H],
372,*c1*c([H])c([H])c1-c1c([H])c([H])c([H])c([H])c1[H],[9*]c1c([H])c([H])c([H])c([H])c1[H],
373,*C([H])(C1([H])*C([H])=C(C(=O)OC([H])([H])[H])C([H])=C1[H])C([H])([H])c1c([H])c([H])c([H])c([H])c1[H],[9*][Si](c1c([H])c([H])c([H])c([H])c1[H])(C([H])([H])[H])C([H])([H])[H],
374,*C1([H])C(C(C([H])([H])[H])(C([H])([H])[H])C([H])([H])[H])=C([H])C([H])([H])*2C(=O)c3c([H])c([H])c([H])c([H])c3C21C([H])([H])[H],[6*]c1c([H])c([H])c([H])c([H])c1[H],
375,*-c1c([H])c2c3c4*(c5c([H])c([H])c([H])c([H])c5c14)-c1c([H])c([H])c([H])c([H])c1*3c1c([H])c(C(C([H])([H])[H])(C([H])([H])[H])C([H])([H])[H])c([H])c3c1*-2c1c([H])c([H])c(C(C([H])([H])[H])(C([H])([H])[H])C([H])([H])[H])c([H])c13,[8*]C(=O)C([H])=C([H])c1c([H])c([H])c([H])c([H])c1[H],
376,[H]c1c([H])c2c3c(c1[H])-*1c4c([H])c([H])c([H])c([H])c4c4c([H])c5*c6c([H])c([H])c([H])c([H])c6c5c(c14)*3c1c([H])c(C(C([H])([H])[H])(C([H])([H])[H])C([H])([H])[H])c([H])c3c1*-2c1c([H])c([H])c(C(C([H])([H])[H])(C([H])([H])[H])C([H])([H])[H])c([H])c13,[19*]c1c(C([H])([H])[H])c([H])c(C([H])([H])[H])c([H])c1C([H])([H])[H],
377,*c1c([H])c(*)c([H])c([H])c1[H],[20*]c1c(C([H])(C([H])([H])[H])C([H])([H])[H])c([H])c([H])c([H])c1C([H])(C([H])([H])[H])C([H])([H])[H],
378,*c1c([H])c([H])c(*)c(C(*)([H])[H])c1[H],[17*]S(=O)(=O)C([H])([H])[H],
379,*c1c([H])*c2c([H])c(F)c([H])c([H])c12,[15*]c1c(C([H])([H])[H])c([H])c([H])c([H])c1C([H])([H])[H],
380,*C1([H])O*c2c([H])c([H])c(F)c([H])c21,[20*]C1([H])C([H])([H])C([H])([H])C([H])([H])C([H])([H])C1([H])[H],
381,*c1c(C([H])([H])[H])c([H])c2*c(-c3c([H])c([H])c(OC([H])([H])[H])c([H])c3[H])*c2c1C([H])([H])[H],[7*]c1c([H])c([H])c([H])c([H])c1C12C([H])([H])C3([H])C([H])([H])C([H])(C([H])([H])C([H])(C3([H])[H])C1([H])[H])C2([H])[H],
382,*c1c([H])c2c3c(c1[H])-*1c4c([H])c([H])c(C(C([H])([H])[H])(C([H])([H])[H])C([H])([H])[H])c([H])c4c4c([H])c(C(C([H])([H])[H])(C([H])([H])[H])C([H])([H])[H])c([H])c(c14)*3c1c([H])c(C(C([H])([H])[H])(C([H])([H])[H])C([H])([H])[H])c([H])c3c1*-2c1c([H])c([H])c(C(C([H])([H])[H])(C([H])([H])[H])C([H])([H])[H])c([H])c13,[13*]C(=O)C(F)(F)F,
383,*C(C1([H])*c2c([H])c([H])c([H])c([H])c2*1)=P(c1c([H])c([H])c([H])c([H])c1[H])(c1c([H])c([H])c([H])c([H])c1[H])c1c([H])c([H])c([H])c([H])c1[H],[23*]C([H])([H])[H],
384,[H]C([H])([H])C(C1=****1)(C([H])([H])[H])C([H])([H])[H],[8*]c1c(C([H])([H])[H])c([H])c(C([H])([H])[H])c([H])c1C([H])([H])[H],
385,[H]c1c(-c2c([H])c([H])c3c(=O)c4c([H])c([H])c([H])c([H])c4oc3c2[H])c([H])c2c3c1-n1c4c([H])c([H])c(C(C([H])([H])[H])(C([H])([H])[H])C([H])([H])[H])c([H])c4c4c([H])c(C(C([H])([H])[H])(C([H])([H])[H])C([H])([H])[H])c([H])c(c41)B3c1c([H])c(C(C([H])([H])[H])(C([H])([H])[H])C([H])([H])[H])c([H])c3c4c([H])c(C(C([H])([H])[H])(C([H])([H])[H])C([H])([H])[H])c([H])c([H])c4n-2c13,[19*][H],
386,*C([H])=C(*)C([H])([H])C(=C([H])[Si](c1c([H])c([H])c([H])c([H])c1[H])(C([H])([H])[H])C([H])([H])[H])[Si](c1c([H])c([H])c([H])c([H])c1[H])(C([H])([H])[H])C([H])([H])[H],[19*]O[H],
387,*c1c(Cl)c([H])c([H])c2c([H])c([H])c(C([H])([H])[H])*c12,[9*]c1c([H])c([H])c(C([H])([H])[H])c([H])c1[H],
388,*=C1**C([H])([H])C([Si](C([H])([H])[H])(C([H])([H])[H])C([H])([H])[H])=P1(c1c(C([H])([H])[H])c([H])c(C([H])([H])[H])c([H])c1C([H])([H])[H])c1c(C([H])([H])[H])c([H])c(C([H])([H])[H])c([H])c1C([H])([H])[H],[4*][H],
389,*C1([H])C(*)([H])C2([H])C([H])([H])C([H])([H])C1([H])C2([H])[H],[2*]C(=O)c1c([H])c([H])c(Br)c([H])c1[H],
390,*c1c([H])c2c3c(c1[H])*1c4c([H])c([H])c([H])c([H])c4-c4c([H])c([H])c([H])c([H])c4-c4c([H])c([H])c([H])c(c41)*3c1c([H])c(C([H])([H])[H])c([H])c([H])c1*2,[18*]C([H])([H])[H],
391,*C1([H])*C2([H])C([H])([H])C([H])([H])C([H])([H])C1([H])C([H])([H])C([H])([H])C2([H])[H],,
392,*C([H])=C(*)C([H])([H])[H],,
393,[H]C1=C(C([H])([H])[H])*c2c([H])c([H])c([H])c([H])c2*1,,
394,*C([H])=C(*)[H],,
395,*c1c([H])c([H])c([H])c2c(OC([H])([H])[H])c([H])c(C([H])([H])[H])*c12,,
396,*c1c([H])c([H])c([H])c([H])c1C(*)([H])[H],,
397,[H]c1c([H])c(C2=C(c3c([H])c([H])c(Br)c([H])c3[H])*C([H])([H])*2)c([H])c([H])c1Br,,
398,*c1c([H])c([H])c([H])c(-c2c([H])c3c4c(c2[H])-*2c5c([H])c([H])c(C(C([H])([H])[H])(C([H])([H])[H])C([H])([H])[H])c([H])c5c5c([H])c(C(C([H])([H])[H])(C([H])([H])[H])C([H])([H])[H])c([H])c(c25)*4c2c([H])c(C(C([H])([H])[H])(C([H])([H])[H])C([H])([H])[H])c([H])c4c2*-3c2c([H])c([H])c(C(C([H])([H])[H])(C([H])([H])[H])C([H])([H])[H])c([H])c24)c1[H],,
399,[H]c1c([H])c([H])c2c(c1[H])*c1c-2*c2c([H])c([H])c([H])c([H])c12,,
400,*c1c([H])*:*c1[Si](O[H])(c1c([H])c([H])c([H])c([H])c1[H])c1c([H])c([H])c([H])c([H])c1[H],,
401,*C([H])=C1*C(C([H])([H])[H])=C(C([H])([H])[H])*1,,
402,*c1c([H])c2c3c(c1[H])*c1c([H])c([H])c(-c4c([H])c([H])c([H])c([H])c4[H])c([H])c1*3c1c([H])c(-c3c([H])c([H])c([H])c([H])c3[H])c([H])c([H])c1*2,,
403,*c1c([H])c([H])c([H])c2*c([H])c(SC([H])(F)F)c12,,
404,*c1c(-c2c([H])c([H])c([H])c([H])c2[H])c([H])c([H])c2c1*c1c([H])c([H])c([H])c([H])c12,,
405,[H]c1c([H])c([H])c2c(c1[H])-c1c([H])c([H])c([H])c([H])c1C21c2c([H])c([H])c([H])c([H])c2-c2c([H])c([H])c([H])c(-c3c([H])c4c5c(c3[H])-n3c6c([H])c([H])c(C(C([H])([H])[H])(C([H])([H])[H])C([H])([H])[H])c([H])c6c6c([H])c(C(C([H])([H])[H])(C([H])([H])[H])C([H])([H])[H])c([H])c(c63)B5c3c([H])c(C(C([H])([H])[H])(C([H])([H])[H])C([H])([H])[H])c([H])c5c6c([H])c(C(C([H])([H])[H])(C([H])([H])[H])C([H])([H])[H])c([H])c([H])c6n-4c35)c21,,
406,*C1([H])C2([H])*3:*(c(=O)*c3=O)C([H])(c3c(OC([H])([H])[H])c4c(c(OC([H])([H])[H])c32)C(=O)c2c([H])c([H])c([H])c([H])c2C4=O)C1([H])[H],,
407,**1*C(*)([H])c2c([H])c([H])c([H])c([H])c21,,
408,[H]c1c(C([H])([H])[H])c([H])c(C([H])([H])[H])c(P(C2=C(C(C([H])([H])[H])(C([H])([H])[H])C([H])([H])[H])*C([H])([H])*2)c2c(C([H])([H])[H])c([H])c(C([H])([H])[H])c([H])c2C([H])([H])[H])c1C([H])([H])[H],,
409,[H]c1c([H])c2c3c(c1[H])-n1c4c([H])c([H])c(C(C([H])([H])[H])(C([H])([H])[H])C([H])([H])[H])c([H])c4c4c([H])c(C(C([H])([H])[H])(C([H])([H])[H])C([H])([H])[H])c([H])c(c41)B3c1c([H])c(C(C([H])([H])[H])(C([H])([H])[H])C([H])([H])[H])c([H])c3c4c([H])c(C(C([H])([H])[H])(C([H])([H])[H])C([H])([H])[H])c([H])c([H])c4n-2c13,,
410,*c1c(*)c(OC(F)(F)F)c([H])c([H])c1[H],,
411,*C1([H])**C1(C([H])([H])[H])C([H])([H])[H],,
412,*c1c([H])*c(Cl)c([H])c1[H],,
413,*c1c(OC([H])([H])[H])*:*c(-c2c([H])*c(F)c([H])c2[H])c1[H],,
414,*C1([H])c2c([H])c([H])c([H])c([H])c2*C1([H])c1c([H])c([H])c([H])c([H])c1[H],,
415,**C(=*)P(c1c([H])c([H])c([H])c([H])c1[H])c1c([H])c([H])c([H])c([H])c1[H],,
416,*c1c([H])c([H])c2c3c1-*1c4c([H])c([H])c(C(C([H])([H])[H])(C([H])([H])[H])C([H])([H])[H])c([H])c4c4c([H])c(C(C([H])([H])[H])(C([H])([H])[H])C([H])([H])[H])c([H])c(c14)*3c1c([H])c(C(C([H])([H])[H])(C([H])([H])[H])C([H])([H])[H])c([H])c3c1*-2c1c([H])c([H])c(C(C([H])([H])[H])(C([H])([H])[H])C([H])([H])[H])c([H])c13,,
417,*c1c([H])c([H])c([H])c(-*c(=O)*2c([H])c([H])c([H])c(Cl)c2c([H])c=O)c1C([H])([H])[H],,
418,*C(=O)*c1c([H])c(*)c([H])c([H])c1[H],,
419,*=C(*1*C(C([H])([H])[H])(C([H])([H])[H])C([H])([H])O1)c1c([H])c([H])c(Cl)c([H])c1[H],,
420,*C(*)([H])C([H])([H])C1([H])C([H])([H])C([H])([H])C([H])([H])C([H])([H])C1([H])[H],,
421,*C1([H])C([H])(c2c([H])c([H])c([H])c([H])c2[H])*C([H])(c2c([H])c([H])c([H])c([H])c2[H])C1([H])[H],,
422,*C1([H])*C(C([H])([H])[H])(C([H])([H])[H])C([H])([H])C1(C([H])([H])[H])C([H])([H])[H],,
423,*=C1**c2c([H])c([H])c([H])c([H])c2-c2c([H])c([H])c([H])c([H])c21,,
424,*C1([H])*C(=O)C([H])(C([H])([H])[H])C(=O)*1,,
425,[H]c1c([H])c([H])c2c(c1[H])-c1c([H])c3c(c([H])c1C21C2([H])C([H])([H])C4([H])C([H])([H])C([H])(C2([H])[H])C([H])([H])C1([H])C4([H])[H])*c1c([H])c(C([H])([H])[H])c([H])c2c1*3c1c([H])c3c(c([H])c1*2)C1(c2c([H])c([H])c([H])c([H])c2-3)C2([H])C([H])([H])C3([H])C([H])([H])C([H])(C2([H])[H])C([H])([H])C1([H])C3([H])[H],,
426,[H]c1*c(*2**C([H])(c3c([H])c([H])c([H])c([H])c3[H])C2([H])c2c([H])c([H])c([H])c([H])c2[H])c([H])c([H])c1[H],,
427,*c1c(C([H])([H])C([H])([H])C([H])([H])C([H])([H])[H])*c2c([H])c([H])c(Br)c([H])c12,,
428,*c1c([H])c([H])c2c([H])c([H])*c2c1-c1c([H])c([H])c([H])c([H])c1[H],,
429,[H]c1c([H])c([H])c2c(c1[H])*c1c([H])c([H])c([H])c([H])c1C([H])([H])*C2([H])[H],,
430,*c1c([H])*c(SC([H])([H])[H])*c1[H],,
431,[H]c1c(SC([H])([H])[H])c([H])c2c3c1-n1c4c([H])c([H])c(C(C([H])([H])[H])(C([H])([H])[H])C([H])([H])[H])c([H])c4c4c([H])c(C(C([H])([H])[H])(C([H])([H])[H])C([H])([H])[H])c([H])c(c41)B3c1c([H])c(C(C([H])([H])[H])(C([H])([H])[H])C([H])([H])[H])c([H])c3c4c([H])c(C(C([H])([H])[H])(C([H])([H])[H])C([H])([H])[H])c([H])c([H])c4n-2c13,,
432,*c1c(-c2c([H])c([H])c([H])c([H])c2[H])*:*c1-c1c([H])c([H])c([H])c([H])c1[H],,
433,[H]c1c2c3c(c([H])c1S(=O)(=O)C([H])([H])[H])-n1c4c([H])c([H])c(C(C([H])([H])[H])(C([H])([H])[H])C([H])([H])[H])c([H])c4c4c([H])c(C(C([H])([H])[H])(C([H])([H])[H])C([H])([H])[H])c([H])c(c41)B3c1c([H])c(C(C([H])([H])[H])(C([H])([H])[H])C([H])([H])[H])c([H])c3c4c([H])c(C(C([H])([H])[H])(C([H])([H])[H])C([H])([H])[H])c([H])c([H])c4n-2c13,,
434,[H]c1c([H])c2c3c(c1[H])N1c4c([H])c([H])c([H])c([H])c4C(C([H])([H])[H])(C([H])([H])[H])c4c([H])c([H])c([H])c(c41)B3c1c([H])c([H])c([H])c3c1N2c1c([H])c([H])c([H])c([H])c1C3(C([H])([H])[H])C([H])([H])[H],,
435,*C1(c2c([H])c([H])c(OC([H])([H])[H])c([H])c2[H])*C(C([H])([H])[H])(C([H])([H])[H])C([H])([H])C1(C([H])([H])[H])C([H])([H])[H],,
436,[H]c1c([H])c([H])c(-c2c([H])c(-c3c([H])c([H])c([H])c([H])c3[H])c([H])c(-c3c([H])c4c5c(c3[H])-n3c6c([H])c([H])c(C(C([H])([H])[H])(C([H])([H])[H])C([H])([H])[H])c([H])c6c6c([H])c(C(C([H])([H])[H])(C([H])([H])[H])C([H])([H])[H])c([H])c(c63)B5c3c([H])c(C(C([H])([H])[H])(C([H])([H])[H])C([H])([H])[H])c([H])c5c6c([H])c(C(C([H])([H])[H])(C([H])([H])[H])C([H])([H])[H])c([H])c([H])c6n-4c35)c2[H])c([H])c1[H],,
437,[H]c1c([H])c2c3c(c1[H])-*1c4c(c([H])c([H])c([H])c4c4c([H])c5c(*c6c([H])c([H])c([H])c([H])c65)c([H])c14)*3c1c([H])c(C(C([H])([H])[H])(C([H])([H])[H])C([H])([H])[H])c([H])c([H])c1O2,,
438,[H]c1*c(C2=*O**2)c([H])c([H])c1[H],,
439,[H]c1c([H])c([H])c2c(c1[H])Sc1c([H])c([H])c([H])c3c1N2c1c([H])c([H])c([H])c2c1B3c1c([H])c([H])c([H])c3c1N2c1c([H])c([H])c([H])c([H])c1S3,,
440,[H]c1c([H])c2c3c(c1[H])*c1c([H])c([H])c([H])c4c1*3c1c(c([H])c([H])c([H])c1*4)*2,,
441,*C1([H])C([H])([H])*C([H])(C([H])([H])C([H])([H])[H])C([H])([H])C1([H])[H],,
442,[H]c1c(-c2c([H])c([H])c3c(=O)c4c([H])c([H])c([H])c([H])c4[se]c3c2[H])c([H])c2c3c1-n1c4c([H])c([H])c(C(C([H])([H])[H])(C([H])([H])[H])C([H])([H])[H])c([H])c4c4c([H])c(C(C([H])([H])[H])(C([H])([H])[H])C([H])([H])[H])c([H])c(c41)B3c1c([H])c(C(C([H])([H])[H])(C([H])([H])[H])C([H])([H])[H])c([H])c3c4c([H])c(C(C([H])([H])[H])(C([H])([H])[H])C([H])([H])[H])c([H])c([H])c4n-2c13,,
443,[H]c1c([H])c([H])c2c(c1[H])-c1c([H])c([H])c([H])c([H])c1N1c3c([H])c([H])c([H])c4c3B(c3c([H])c([H])c([H])c-2c31)c1c([H])c([H])c([H])c2c1N4c1c([H])c([H])c([H])c([H])c1-c1c([H])c([H])c([H])c([H])c1-2,,
444,[H]c1c([H])c2c(c3c1-c1c([H])c([H])c([H])c4c([H])c([H])c([H])c(c14)*3)*C([H])([H])C([H])([H])C2([H])[H],,
445,*C([H])(*1*c2c([H])c([H])c([H])c3c([H])c([H])c([H])c(c23)*1)C([H])([H])c1c([H])c([H])c(OC([H])([H])[H])c([H])c1[H],,
446,*c1*:*c([H])c1[H],,
447,*c1c([H])c([H])c([H])c2c([H])c([H])c([H])*c12,,
448,[H]c1c([H])c([H])c(C2=*O**2)c([H])c1[H],,
449,[H]c1c([H])c([H])c2c(c1[H])Oc1c([H])c([H])c([H])c3c1B2c1c([H])c([H])c([H])c2c4c([H])c([H])c([H])c([H])c4n-3c12,,
450,*C([H])(C1([H])*C([H])=C(C(=O)OC([H])([H])[H])C([H])=C1[H])C([H])([H])c1c([H])sc([H])c1[H],,
451,*c1c([H])*:*c1[Si](C([H])([H])[H])(C([H])([H])[H])C([H])([H])[H],,
452,*c1c([H])c([H])c(-c2c([H])c3c4c(c2[H])-*2c5c([H])c([H])c(C(C([H])([H])[H])(C([H])([H])[H])C([H])([H])[H])c([H])c5c5c([H])c(C(C([H])([H])[H])(C([H])([H])[H])C([H])([H])[H])c([H])c(c25)*4c2c([H])c(C(C([H])([H])[H])(C([H])([H])[H])C([H])([H])[H])c([H])c4c2*-3c2c([H])c([H])c(C(C([H])([H])[H])(C([H])([H])[H])C([H])([H])[H])c([H])c24)c([H])c1[H],,
453,*c1c([H])c2c3c(c1[H])*1c4c([H])c([H])c([H])c([H])c4C4(c5c([H])c([H])c([H])c(c51)*3c1c([H])c(C([H])([H])[H])c([H])c([H])c1*2)c1c([H])c([H])c([H])c([H])c1-c1c([H])c([H])c([H])c([H])c14,,
454,[H]c1c([H])c([H])c(C2(c3c([H])c([H])c([H])c([H])c3[H])c3c([H])c4c5c6c3-n3c7c(c([H])c(C(C([H])([H])[H])(C([H])([H])[H])C([H])([H])[H])c([H])c7c7c([H])c(C(C([H])([H])[H])(C([H])([H])[H])C([H])([H])[H])c([H])c2c73)B6c2c([H])c(C(C([H])([H])[H])(C([H])([H])[H])C([H])([H])[H])c([H])c3c6c([H])c(C(C([H])([H])[H])(C([H])([H])[H])C([H])([H])[H])c([H])c(c6n-5c23)C4(c2c([H])c([H])c([H])c([H])c2[H])c2c([H])c([H])c([H])c([H])c2[H])c([H])c1[H],,
455,[H]c1c([H])c([H])c2c(c1[H])-c1c([H])c([H])c([H])c([H])c1C21c2c([H])c3c4c5c2-n2c6c(c([H])c(C(C([H])([H])[H])(C([H])([H])[H])C([H])([H])[H])c([H])c6c6c([H])c(C(C([H])([H])[H])(C([H])([H])[H])C([H])([H])[H])c([H])c1c62)B5c1c([H])c(C(C([H])([H])[H])(C([H])([H])[H])C([H])([H])[H])c([H])c2c5c([H])c(C(C([H])([H])[H])(C([H])([H])[H])C([H])([H])[H])c([H])c(c5n-4c12)C31c2c([H])c([H])c([H])c([H])c2-c2c([H])c([H])c([H])c([H])c21,,
456,*C1([H])C([H])([H])*C(=*)C([H])([H])C1([H])[H],,
457,[H]c1c([H])c2c3c(c1[H])C(C([H])([H])[H])(C([H])([H])[H])c1c([H])c([H])c([H])c4c1B3c1c(c([H])c([H])c3c5c([H])c([H])c([H])c([H])c5n-2c13)C4(C([H])([H])[H])C([H])([H])[H],,
458,[H]c1c([H])c([H])c(C([H])([H])[H])c(-c2c(Oc3c([H])c([H])c(C([H])([H])[H])c([H])c3[H])c([H])c3c4c2Oc2c([H])c([H])c(C([H])([H])[H])c([H])c2*4c2c([H])c(C([H])([H])[H])c([H])c([H])c2*3)c1[H],,
459,*C(*)([H])C([H])([H])c1c([H])c([H])c(C(F)(F)F)c([H])c1[H],,
460,*C([H])(C([H])([H])[H])C(*S(*)(=O)=O)(C(=O)OC(C([H])([H])[H])(C([H])([H])[H])C([H])([H])[H])c1c([H])c([H])c(C(F)(F)F)c([H])c1[H],,
461,[H]c1sc2c(c1[H])*c1c(sc([H])c1[H])*2,,
462,[H]c1c([H])c([H])c2c([H])c3c(c([H])c2c1[H])*c1c(c([H])c2c([H])c([H])c([H])c([H])c2c1[H])*3,,
463,*c1*c(-c2c([H])c(OC([H])([H])[H])c(OC([H])([H])[H])c(OC([H])([H])[H])c2[H])c([H])c1[H],,
464,*c1c([H])c([H])c([H])c(*2OC3([H])C4([H])SC([H])([H])C([H])(C(=O)OC([H])([H])[H])*4C(=O)C([H])(O[H])C3([H])O2)c1[H],,
465,[H]C1=C(Br)*(c2c(C(=O)OC([H])([H])C([H])([H])[H])*c(C([H])([H])[H])c3c2C([H])([H])OC3([H])[H])*c2c([H])c([H])c([H])c([H])c21,,
466,*c1c([H])*c2c([H])c([H])c(F)c([H])c12,,
467,*C1([H])*C([H])([H])C([H])([H])C([H])([H])*1,,
468,*c1c(*)c([H])c(C(F)(F)F)c([H])c1[H],,
469,**1*C([H])=C([H])*C1([H])[H],,
470,*C1([H])C([H])(C(=O)c2c([H])c([H])c([H])c([H])c2[H])*OC1([H])C([H])([H])C([H])([H])C([H])([H])C([H])([H])[H],,
471,*c1c([H])c2*3c1c([H])c([H])c([H])c3c1c([H])c([H])c([H])c([H])c21,,
472,[H]c1c([H])c([H])c(-c2c([H])c3c4c(c2[H])-n2c5c([H])c([H])c(C(C([H])([H])[H])(C([H])([H])[H])C([H])([H])[H])c([H])c5c5c([H])c(C(C([H])([H])[H])(C([H])([H])[H])C([H])([H])[H])c([H])c(c52)B4c2c([H])c(C(C([H])([H])[H])(C([H])([H])[H])C([H])([H])[H])c([H])c4c5c([H])c(C(C([H])([H])[H])(C([H])([H])[H])C([H])([H])[H])c([H])c([H])c5n-3c24)c(F)c1[H],,
473,*C([H])(C([H])([H])[H])C1([H])*S(=O)(=O)Oc2c([H])c([H])c([H])c([H])c21,,
474,**C1([H])*C(C([H])([H])[H])(C([H])([H])[H])C([H])([H])C1(C([H])([H])[H])C([H])([H])[H],,
475,*c1c([H])c(*)c(Br)c([H])c1[H],,
476,*C1(C([H])(O[H])C([H])(C([H])([H])[H])C([H])([H])[H])*C1([H])c1c([H])c([H])c(OC([H])([H])[H])c([H])c1[H],,
477,*C1([H])C(*)([H])C1(c1c([H])c([H])c([H])c([H])c1[H])C([H])([H])[H],,
478,*c1c([H])c([H])c(C(F)(F)F)c([H])c1C(*)([H])[H],,
479,*C([H])(*1*c2c([H])c([H])c([H])c3c([H])c([H])c([H])c(c23)*1)C([H])(O[H])C([H])([H])C([H])([H])C([H])([H])C([H])([H])C([H])([H])C([H])([H])[H],,
480,[H]c1c([H])c([H])c(-c2c([H])c([H])c(-c3c([H])c4c5c(c3[H])-n3c6c([H])c([H])c(C(C([H])([H])[H])(C([H])([H])[H])C([H])([H])[H])c([H])c6c6c([H])c(C(C([H])([H])[H])(C([H])([H])[H])C([H])([H])[H])c([H])c(c63)B5c3c([H])c(C(C([H])([H])[H])(C([H])([H])[H])C([H])([H])[H])c([H])c5c6c([H])c(C(C([H])([H])[H])(C([H])([H])[H])C([H])([H])[H])c([H])c([H])c6n-4c35)c([H])c2[H])c([H])c1[H],,
481,*C1([H])c2c([H])c([H])c([H])c([H])c2*C1([H])C([H])([H])[H],,
482,[H]c1c([H])c([H])c(C2(c3c([H])c([H])c([H])c([H])c3[H])c3c([H])c([H])c([H])c([H])c3N3c4c([H])c([H])c([H])c5c4B(c4c([H])c([H])c([H])c6c4N5c4c([H])c([H])c([H])c([H])c4S6)c4c([H])c([H])c([H])c2c43)c([H])c1[H],,
483,[H]c1c([H])c(C23C([H])([H])C4([H])C([H])([H])C([H])(C([H])([H])C([H])(C4([H])[H])C2([H])[H])C3([H])[H])c([H])c([H])c1-c1c([H])c2c3c(c1[H])-n1c4c([H])c([H])c(C(C([H])([H])[H])(C([H])([H])[H])C([H])([H])[H])c([H])c4c4c([H])c(C(C([H])([H])[H])(C([H])([H])[H])C([H])([H])[H])c([H])c(c41)B3c1c([H])c(C(C([H])([H])[H])(C([H])([H])[H])C([H])([H])[H])c([H])c3c4c([H])c(C(C([H])([H])[H])(C([H])([H])[H])C([H])([H])[H])c([H])c([H])c4n-2c13,,
484,*C([H])(C(=O)OC([H])([H])[H])C(*)([H])C([H])([H])[H],,
485,*C(=C([H])[H])C(*)([H])C([H])(O[Si](C([H])([H])C([H])([H])[H])(C([H])([H])C([H])([H])[H])C([H])([H])C([H])([H])[H])c1c([H])c([H])*c([H])c1[H],,
486,[H]c1c([H])c(C([H])([H])[H])c([H])c2c1*c1c([H])c([H])c(C([H])([H])[H])c([H])c1*2,,
487,*c1c([H])*:*c1-c1c([H])c([H])c([H])c([H])c1[H],,
488,[H]c1sc2c(c1[H])*c1c(sc3c([H])c([H])c([H])c([H])c13)*2,,
489,[H]c1c([H])c([H])c(C2=C(c3c([H])c([H])c([H])c([H])c3[H])*C([H])([H])*2)c([H])c1[H],,
490,[H]C1([H])*C(C2([H])C([H])([H])C2([H])[H])=C(C2([H])C([H])([H])C2([H])[H])*1,,
491,*c1*c(Br)c([H])c([H])c1[H],,
492,*C1(c2c([H])c([H])c([H])c([H])c2[H])*c2c([H])c([H])c([H])c([H])c2C1([H])C([H])(c1c([H])c([H])c([H])c([H])c1[H])C([H])([H])C(C(=O)OC([H])([H])C([H])([H])[H])(C(=O)OC([H])([H])C([H])([H])[H])C([H])(c1c([H])c([H])c([H])c([H])c1[H])C([H])([H])C([H])(C(=O)OC([H])([H])C([H])([H])[H])C(=O)OC([H])([H])C([H])([H])[H],,
493,[H]C([H])=C1**C([H])(C2([H])C([H])([H])C([H])([H])C([H])([H])C([H])([H])C2([H])[H])*1,,
494,*c1c([*+])c([H])c(C(=O)O[H])c([H])c1[H],,
495,*c1c(Cl)*c(Cl)c([H])c1[H],,
496,*C1([H])C(=C([H])C([H])([H])Sc2c([H])c([H])c([H])c([H])c2[H])**C1([H])C([H])([H])Sc1c([H])c([H])c([H])c([H])c1[H],,
